id,content,totalCount
VGFnOjE1MTg,香港,237
VGFnOjIxMTk,政治,231
VGFnOjQyNzU,反送中,32
VGFnOjE4NDg,Matters,219
VGFnOjE2NTc,台灣,433
VGFnOjI0NjY,中國,470
VGFnOjMyMA,诗,44
VGFnOjMw,閱讀,124
VGFnOjI4Mw,航通社,62
VGFnOjM4NzE,逃犯條例,14
VGFnOjM0ODA,區塊勢,12
VGFnOjQyNTg,環島,9
VGFnOjE2OTI,教育,106
VGFnOjE2MDY,文學,86
VGFnOjIxOQ,讀書,56
VGFnOjE1MzI,劇場,20
VGFnOjIyNzc,區塊鏈,179
VGFnOjEwNw,Podcast,11
VGFnOjQyODY,三年一記,7
VGFnOjIzNzg,書,145
VGFnOjIyMTI,生活,56
VGFnOjE4MTU,小说,15
VGFnOjM4,新疆,11
VGFnOjQwODM,讚賞公民,6
VGFnOjIyMzQ,城市,32
VGFnOjI1NjM,自由,32
VGFnOjE4MzU,創業,21
VGFnOjMxNDA,歷史 ,18
VGFnOjMxMzg,维吾尔,7
VGFnOjExNzE,科技,96
VGFnOjI5NDQ,音樂,41
VGFnOjg3NQ,女性主義,35
VGFnOjU3OQ,散文,16
VGFnOjIxNjg,新闻,14
VGFnOjk3Mw,哲学,13
VGFnOjM3Njk,Now Playing 专栏,11
VGFnOjM3OTE,LikeCoin,9
VGFnOjc0,民主化,7
VGFnOjQyNDk,杂文,4
VGFnOjI1Mg,書評,22
VGFnOjI3OA,一國兩制,8
VGFnOjEyMjA,集中營,5
VGFnOjM3ODU,阿甘本,4
VGFnOjg2OA,林鄭月娥,3
VGFnOjE0MDQ,中國農村,4
VGFnOjQyNjA,基本法,3
VGFnOjExODU,社會,57
VGFnOjIzNTU,女權,39
VGFnOjI2MzU,遊戲,34
VGFnOjgyMQ,旅遊,32
VGFnOjIwNzQ,伊斯兰,14
VGFnOjEyMw,网络审查,11
VGFnOjQ0MQ,澳門,10
VGFnOjI4OQ,创作,8
VGFnOjIyMDU,表演藝術,8
VGFnOjEyNDE,漫畫,8
VGFnOjEyMjU,Facebook,7
VGFnOjI3NDQ,建筑,5
VGFnOjMxNTI,微软,4
VGFnOjI0NTI,群眾運動,4
VGFnOjI3MDQ,Telegram,4
VGFnOjQ0MDA,问题解决,0
VGFnOjQ0MDQ,勇气,0
VGFnOjQzNzE,國民大會,2
VGFnOjQzMzA,酒,2
VGFnOjQzNzk,Slow Music,2
VGFnOjQzNTE,数字极权,2
VGFnOjQzODA,音樂漫遊,2
VGFnOjQzOTk,自由技艺,0
VGFnOjQ0MDU,自欺,0
VGFnOjE3MzI,臉書,28
VGFnOjE5MDI,加密貨幣,27
VGFnOjI2NDM,反思,8
VGFnOjM3MjM,选择,12
VGFnOjE2MTE,AI ,11
VGFnOjExOTc,科普,11
VGFnOjIyNzg,区块链,10
VGFnOjE1NDI,英國,9
VGFnOjM4OA,雨傘運動,9
VGFnOjIzOTM,心理健康,9
VGFnOjEzMDE,人工智能,7
VGFnOjY0Ng,IPFS,6
VGFnOjEzMTQ,新媒体,7
VGFnOjEyOTc,媒体 ,7
VGFnOjMyMjI,佔中運動,4
VGFnOjIyNTg,短篇小說,6
VGFnOjQyMg,随想,6
VGFnOjExMjA,爱情,6
VGFnOjI1MDA,虚构,6
VGFnOjExMjU,母亲,5
VGFnOjI2Nzc,好奇心日报,4
VGFnOjIzNDM,现代性,4
VGFnOjQ3Nw,人脸识别 科技 监控 中国社会,3
VGFnOjE3NjI,人类学,4
VGFnOjI2MDY,健康,2
VGFnOjQ5OA,伦理,3
VGFnOjMyNQ,羽球,3
VGFnOjg0MQ,新闻审查,3
VGFnOjIxMTM,信息安全,2
VGFnOjM5NDg,手机游戏,2
VGFnOjQxMDM,啤酒,2
VGFnOjI5OTU,罗永浩,2
VGFnOjM5MTU,#阅读,2
VGFnOjY4MQ,角色,2
VGFnOjQwOTM,生活省思,2
VGFnOjM2MDc,金屬,2
VGFnOjQwMDk,RSS,2
VGFnOjQzODY,vault festival,1
VGFnOjQzOTM, 快樂,0
VGFnOjQ0MTA,自律,0
VGFnOjQzODQ,怜悯,1
VGFnOjQ0MTI,目标,0
VGFnOjQzODc,體驗劇場,1
VGFnOjQ0MDM,生存,0
VGFnOjQzOTE,多元,1
VGFnOjQzODU,南投救國團,1
VGFnOjQzOTI,四回選稿大挑戰,1
VGFnOjQzODk,制憲國大,1
VGFnOjQzODM,命运,1
VGFnOjQ0MTg,饮酒 ,1
VGFnOjQzOTA,平衡,1
VGFnOjQ0MDY,判断力,0
VGFnOjQzODg,盧煊仲,1
VGFnOjIxNjU,价值,0
VGFnOjQzOTU,东方学,1
VGFnOjQ0MDI,不确定性,0
VGFnOjQ0MDc,学习,0
VGFnOjQ0MDE,演化,0
VGFnOjIxNjE,Life,1
VGFnOjQ0MTM,逃避,0
VGFnOjQzNzQ,李宗偉,1
VGFnOjQ0MTE,结构,0
VGFnOjQzNzI,李秉碩,1
VGFnOjQ0MDk,资源,0
VGFnOjQ0MDg,工具,0
VGFnOjQzNzU,退役,1
VGFnOjQzOTQ,憂鬱,0
VGFnOjQzOTg,拉美文學,1
VGFnOjQzNzc,LIBRA,1
VGFnOjI5MjQ,死亡,1
VGFnOjQ0MTQ,风之旅人（游戏）,1
VGFnOjQ0MTc,威士忌 ,1
VGFnOjQzOTY,3d,1
VGFnOjQzODI,民間特首辦 ,0
VGFnOjQ0MTY,陈星汉,1
VGFnOjQzNzY,敗者為王,1
VGFnOjQzOTc,天星小轮,1
VGFnOjQzNzM,羽毛球,1
VGFnOjQ0MTU,Sky 光·遇（游戏）,1
VGFnOjQzODE,書信,1
VGFnOjQzNzg,Libra,1
VGFnOjEzMTE,電影,221
VGFnOjI1NzQ,女性,198
VGFnOjE5MTg,性侵,162
VGFnOjI5MTc,在線問答,150
VGFnOjMwMTc,媒體,144
VGFnOjUxNw,性騷擾,137
VGFnOjEyMDk,MeToo Archive,111
VGFnOjI0OQ,美國,116
VGFnOjE4MTQ,小說,74
VGFnOjMzNDY,女权史,79
VGFnOjE4ODk,碎碎念,80
VGFnOjE1OTE,日本,68
VGFnOjIyOTM,網路,63
VGFnOjIwNDY,隨筆,20
VGFnOjI3NjY,左翼,49
VGFnOjMxMQ,民主,53
VGFnOjE1Mw,隨感,57
VGFnOjU2Mg,文化,57
VGFnOjI0NDA,社會運動,54
VGFnOjk3Mg,哲學,48
VGFnOjE0MzY,性別,52
VGFnOjIzMjA,重磅對談,52
VGFnOjQzNA,影評,49
VGFnOjE1ODg,選舉,48
VGFnOjE4NDE,藝術,47
VGFnOjI1Njk,大學,43
VGFnOjYzNA,宗教,44
VGFnOjE5MDc,大典,43
VGFnOjI0Njg,中国,40
VGFnOjMxOTk,每日一问,41
VGFnOjE5MTA,法律,39
VGFnOjEzMzE,自我介紹,38
VGFnOjgwNA,中國獨立電影,33
VGFnOjE1OA,新人首帖,0
VGFnOjM2OQ,言論自由,39
VGFnOjIzNDg,紀錄片,33
VGFnOjE3Mzg,人生,36
VGFnOjIxNjc,新聞,35
VGFnOjI4OTM,經濟,33
VGFnOjIwNzM,伊斯蘭,31
VGFnOjQyOQ,商業模式,32
VGFnOjMwMjE,馬來西亞,30
VGFnOjI3Mg,旅行,28
VGFnOjI0NDQ,六四,30
VGFnOjE4MzA,設計,27
VGFnOjEwMDY,dajing的日志,28
VGFnOjI3MDE,寫作,27
VGFnOjI4OA,創作,28
VGFnOjIzNjk,互聯網,24
VGFnOjMxNQ,连结日签,22
VGFnOjIwMjE,替代役,26
VGFnOjg5,勞工,26
VGFnOjExMjg,心理學,25
VGFnOjEzNg,工作,22
VGFnOjE4MDQ,比特幣,24
VGFnOjE2MjI,LGBTQ,21
VGFnOjQ4NA,圖書出版,23
VGFnOjExOQ,兩岸,17
VGFnOjYwNA,电影,22
VGFnOjEyODk,電影 ,22
VGFnOjIzMDE,台北,22
VGFnOjI3ODk,社群,22
VGFnOjEzNDc,社區,22
VGFnOjM5Ng,政治哲学,22
VGFnOjE0NzE,產品,21
VGFnOjIwNTE,繪畫,22
VGFnOjQ4OA,韓國,20
VGFnOjU1Ng,同志,21
VGFnOjMwNDI,技術,18
VGFnOjc0Mg,藝術行動,20
VGFnOjcxMw,女权主义,21
VGFnOjI5NjY,家庭教育,18
VGFnOjg3Ng,公投,16
VGFnOjcwNQ,微信,18
VGFnOjIzMTM,ooff,19
VGFnOjIwMTU,東南亞,19
VGFnOjg5NA,旅行觀察,19
VGFnOjEyODc,美學,17
VGFnOjMwNzc,休業日記,18
VGFnOjE2Nw,公共討論,18
VGFnOjE3MTQ,假新聞,18
VGFnOjIyNTA,社群媒體,17
VGFnOjE3MDA,青年,17
VGFnOjc3OQ,随笔,17
VGFnOjE5Ng,印度,17
VGFnOjIzNTg,足球,17
VGFnOjMzMjA,TechMoon,17
VGFnOjEyMjI,柯文哲,16
VGFnOjEyNDA,故事,16
VGFnOjU5Nw,升學,17
VGFnOjczMw,憲法,14
VGFnOjQ0OA,倫敦,17
VGFnOjI4NzM,德國,16
VGFnOjI3MDU,后勤工人,16
VGFnOjM3MjI,历史人物,16
VGFnOjIzODY,北大,16
VGFnOjExOTY,身份認同,15
VGFnOjIyOTQ,网络,15
VGFnOjIxODY,訂閱,16
VGFnOjI1NDM,同性戀,15
VGFnOjI5ODM,美劇,16
VGFnOjE1NA,随感,14
VGFnOjI1NQ,科技月球,15
VGFnOjM1Mw,電子書,13
VGFnOjIwNzg,滴滴,12
VGFnOjE4OTY,婚姻平權,14
VGFnOjI1OTQ,工人调查,15
VGFnOjEzNTU,戲劇,14
VGFnOjIxMTI,資訊安全,11
VGFnOjI4ODI,世界盃,14
VGFnOjE5MzY,阅读,13
VGFnOjY5OQ,當代藝術,11
VGFnOjExNTI,马克思主义者,14
VGFnOjI4Nzg,2017,14
VGFnOjIzODk,链接,12
VGFnOjI5Nw,尘肺工人维权,14
VGFnOjgzMw,建築,14
VGFnOjE1MTI,川普,13
VGFnOjkwMw,社會創新,13
VGFnOjEyMg,網路審查,12
VGFnOjY2Nw,人工智慧,10
VGFnOjIzNjU,威權政治,13
VGFnOjE4NzE,平台合作化運動,13
VGFnOjg0NA,批判性思维,13
VGFnOjY5Mg,公益,13
VGFnOjM5MDE,C计划,13
VGFnOjUx,性,9
VGFnOjIwOTA,Medium,12
VGFnOjEyMDI,兵役,13
VGFnOjE1OTU,香港電影,12
VGFnOjE4OTE,平等,12
VGFnOjM3NzE,互动故事,12
VGFnOjE5NTA,科技與社會,11
VGFnOjE0MDk,科學,12
VGFnOjE5MjQ,攝影 ,11
VGFnOjg3,聲音,9
VGFnOjQ, 日本電影,12
VGFnOjIzNzA,互联网,12
VGFnOjgxMw,泰國,11
VGFnOjMxOQ,女权,10
VGFnOjE2Nzc,新詩,11
VGFnOjE1MzE,馬克思,10
VGFnOjIzNjE,非虛構寫作,11
VGFnOjUzMw,海影,12
VGFnOjI1MTM,菲律賓,12
VGFnOjk5Mw,香港文學,12
VGFnOjM1MQ,书评,11
VGFnOjEwMjE,行銷,12
VGFnOjIxODE,詩歌,11
VGFnOjQ2,心理創傷,11
VGFnOjMwNA,編程,11
VGFnOjIzMzI,社會住宅,11
VGFnOjY2Mg,政策,11
VGFnOjIyNjY,民族主义,11
VGFnOjI0NzU,播客,11
VGFnOjIyOTc,自由主義,9
VGFnOjcwOA,學習,11
VGFnOjc4MQ,心理,11
VGFnOjMyMjQ,图链pic,10
VGFnOjI4NTQ,青年行动者,9
VGFnOjI0MjM,公民社會,10
VGFnOjIxOTI,加拿大,11
VGFnOjE0NjI,劳动者权益,11
VGFnOjM4Mw,社会观察,8
VGFnOjIxMDQ,貿易戰,10
VGFnOjQ5Nw,倫理,10
VGFnOjE1ODU,SEO,9
VGFnOjI4NjA,電視劇,10
VGFnOjMwMTg,媒体,9
VGFnOjE5OTI,NGO,10
VGFnOjE3NzM,性别,10
VGFnOjE5Mzk,網紅,10
VGFnOjIxNjA,環境,9
VGFnOjI5MTI,合作社,10
VGFnOjM2NA,基督教,8
VGFnOjI2Nw,艺术行动,8
VGFnOjIz,女性主义,10
VGFnOjE4MTY,法治,10
VGFnOjExNDQ,香港獨立電影節,7
VGFnOjUy,美食,10
VGFnOjk0Nw,中國因素,9
VGFnOjIwOTM,期中選舉,10
VGFnOjIzNg,日劇,10
VGFnOjMxMzI,大屠杀 耶德瓦布内 邻人 格罗斯,10
VGFnOjI5,愛情,10
VGFnOjk2MA,社会学,10
VGFnOjI2NjQ,語言,9
VGFnOjExNQ,科幻小說,8
VGFnOjEz,疫苗,8
VGFnOjEw,日记,4
VGFnOjE0MzE,中國紀錄片,4
VGFnOjg5MA,柬埔寨,9
VGFnOjcxNQ,環保,7
VGFnOjI2OTY,共享經濟,9
VGFnOjM2MA,穆斯林,9
VGFnOjIxMzY,武侠,9
VGFnOjM,Google SEO,9
VGFnOjEzMDA,族群,9
VGFnOjE4MDE,身份政治,9
VGFnOjMzMTU,诗歌,9
VGFnOjIzMDI,社交媒體,9
VGFnOjE0MTk,終身制,9
VGFnOjMyNDg,漫画,8
VGFnOjIwMjk,同理心,9
VGFnOjk1NA,人類學 ,9
VGFnOjIzNzk,书,9
VGFnOjI5MTU,隱私,8
VGFnOjE0ODY,自由軟體,9
VGFnOjEyMTg,新加坡,9
VGFnOjkxMQ,法制,9
VGFnOjMxMjc,吉林大学珠海学院,9
VGFnOjc5Ng,研究生,9
VGFnOjI5Njg,著作權,9
VGFnOjI2MjM,農業,9
VGFnOjEwMTE,文藝電影,8
VGFnOjE1OTI,動漫,8
VGFnOjI3OTU,勞工運動,9
VGFnOjE0OTU,寻找北大女孩岳昕,7
VGFnOjExODc,社会,8
VGFnOjQyMTg,被壓迫者劇場,9
VGFnOjE1MjM,世代,9
VGFnOjY4Mw,北京,8
VGFnOjIxNDQ,大數據,9
VGFnOjExMzc,非洲,9
VGFnOjc1MA,英国,9
VGFnOjI4MTk,飲食,9
VGFnOjIwMjg,去中心化,9
VGFnOjg1MA,九合一選舉,8
VGFnOjM0MQ,香港政治,8
VGFnOjE1NDg,貿易,8
VGFnOjE2Njk,居住權,8
VGFnOjI0Mjg,廣告,7
VGFnOjQyMTc,論壇劇場,8
VGFnOjE5NDE,#MeToo,6
VGFnOjM3NjI,asus,8
VGFnOjM3NjM,zenfone,8
VGFnOjgy,電訪,8
VGFnOjQ3MQ,無條件基本收入,8
VGFnOjMxOTU,法国,8
VGFnOjM0Nzg,寫作關鍵字,6
VGFnOjc0OA,翻譯,8
VGFnOjE3OTA,中美關係,8
VGFnOjIxNTY,外交,8
VGFnOjE5MTI,征文,8
VGFnOjEzOA,性教育,5
VGFnOjIxNDU,大数据,8
VGFnOjI3Mzk,華人,8
VGFnOjYwMA,人權,7
VGFnOjE3Mw,伊斯兰史,8
VGFnOjc3MA,流行文化,8
VGFnOjE4Mzg,作家,8
VGFnOjE4Nzc,汶川地震,8
VGFnOjc5OQ,贸易战,6
VGFnOjY5NA,社会工作,8
VGFnOjIzOTQ,种族歧视,7
VGFnOjEzOTU,旅行斜背包,8
VGFnOjE2OA,公共讨论,6
VGFnOjE3NDM,同性恋,8
VGFnOjI2Mw,史蒂芬．霍金,8
VGFnOjE2MDQ,出版,8
VGFnOjI1OTA,上海,6
VGFnOjI1NzA,出版市場,8
VGFnOjQxMw,自戀現象,8
VGFnOjExODg,體育,7
VGFnOjE5MzA,精神分析,8
VGFnOjIzODM,北韓,8
VGFnOjI4MTc,數位列寧主義,5
VGFnOjIyMDA,研究所,7
VGFnOjIwMjY,公共知识分子,8
VGFnOjc3Nw,權利運動,8
VGFnOjExNTE,習近平,7
VGFnOjE5Njc,計劃生育,7
VGFnOjE1MTc,醫療,6
VGFnOjE2NDI,和平,7
VGFnOjI1MTA,國民黨,7
VGFnOjI1OTc,言论自由,7
VGFnOjE4MDg,數據,6
VGFnOjI4NDM,留学,7
VGFnOjIyNTQ,內容平台,6
VGFnOjIyNQ,刻板印象,7
VGFnOjE3NzI,一帶一路,7
VGFnOjE4NjM,技職教育,7
VGFnOjI4Njc,社會問題,7
VGFnOjM4MTk,斯图尔特·布兰德,7
VGFnOjIyMTQ,飲食文化,6
VGFnOjE2NDU,TED,7
VGFnOjE0NDI,電視,7
VGFnOjg,日常叙事,7
VGFnOjI1NA,中國政治,5
VGFnOjIzOTc,脫歐,7
VGFnOjM0NjA,选举权,7
VGFnOjM5MA,Newsletter,6
VGFnOjMyMw,权力,7
VGFnOjIyNTU,金門,7
VGFnOjM0OQ,性别平等,7
VGFnOjE1NjM,時間,7
VGFnOjE3ODI,Whoops SEO,7
VGFnOjM3MzI,现代诗,7
VGFnOjIyMzg,網絡 ,7
VGFnOjM3NjU,手機評測,7
VGFnOjExMTE,英語,7
VGFnOjQxMg,大陸,6
VGFnOjI0MDY,人物,7
VGFnOjkyMg,中共,6
VGFnOjQ4MA,統獨,7
VGFnOjI1OTI,摄影,5
VGFnOjE0OA,李敖,7
VGFnOjE3NjU,自媒体,7
VGFnOjI0NjU,生育率,7
VGFnOjEyNTc,移民,7
VGFnOjM3NjQ,華碩,7
VGFnOjIwNjA,刘强东 ,6
VGFnOjIxNzI,育兒,7
VGFnOjI1NDg,華文文學,7
VGFnOjE4NjY,潛意識,7
VGFnOjU0,新聞自由,7
VGFnOjE4NTg,聲景,4
VGFnOjM2Mw,音乐,6
VGFnOjM3NzA,电子游戏,6
VGFnOjE2NDQ,语言,6
VGFnOjE3MDQ,筆記,5
VGFnOjQ3OQ,內容產業,5
VGFnOjY4NA,中華民國,6
VGFnOjE2NjM,盧凱彤,5
VGFnOjIzOTk,文学,6
VGFnOjEyNDU,中東,6
VGFnOjM2MjM,奥派,2
VGFnOjcxNg,知識付費,5
VGFnOjU1MQ,柏林,6
VGFnOjMxNzA,网络隐私,6
VGFnOjIyNjQ,社會企業,5
VGFnOjI1MQ,美国,6
VGFnOjExMw,果殼,5
VGFnOjc4Nw,g0v,6
VGFnOjM2MTA,工伤,3
VGFnOjczOQ,博物館,6
VGFnOjMxOTc,伊斯兰恐惧症,6
VGFnOjMxMDQ,基因編輯,6
VGFnOjQ2NQ,網路廣播,5
VGFnOjM1OTc,整理,5
VGFnOjEwODM,港產片,6
VGFnOjc2Ng,三国演义,6
VGFnOjIw,社會學,4
VGFnOjE1NTM,思考,6
VGFnOjI2OTA,蔡英文,6
VGFnOjE2NDA,中興 華為,6
VGFnOjUyNA,公共政策,6
VGFnOjM3MQ,親子,6
VGFnOjIzMzY,音樂電影,6
VGFnOjQ5MA,占星,6
VGFnOjI0NTM,大灣區,6
VGFnOjE0MDE,恐怖主义,6
VGFnOjM0MDQ,Netflix ,6
VGFnOjg1OA,SEO優化,5
VGFnOjEwMTQ,青年空间,5
VGFnOjkwOA,軟體,4
VGFnOjE1MDQ,性別平權,6
VGFnOjU4MQ,司法政治,6
VGFnOjY5NQ,新南向,6
VGFnOjIwMzQ,國際情勢,6
VGFnOjc3OA,認同,5
VGFnOjEzNzA,少数民族,6
VGFnOjIwNw,俄羅斯,6
VGFnOjEwNzE,政府,6
VGFnOjg0OA,當代中國小說,5
VGFnOjIwMDc,中國社會,5
VGFnOjI2MzY,游戏,6
VGFnOjE3OTc,邏輯,6
VGFnOjMxODM,亲密关系,6
VGFnOjc1Mg,娘炮,6
VGFnOjE5Mjk,社區營造,6
VGFnOjMwMg,親職教育,6
VGFnOjUyMg,太陽花運動,5
VGFnOjE1ODI,線下討論會,5
VGFnOjI0NTc,微博,5
VGFnOjQyNQ,PTSD,5
VGFnOjE4NzU,土地大辯論,5
VGFnOjI1NDI,Start-up,5
VGFnOjM1OA,藝術商品化,5
VGFnOjI5NDI,公民社会,5
VGFnOjI3MTI,赫拉利,5
VGFnOjYxNQ,马克思主义 ,5
VGFnOjI3ODc,文革,5
VGFnOjEzNjk,少數民族,5
VGFnOjE3ODY,政治學,5
VGFnOjI2MTc,事實查核,5
VGFnOjgwNQ,中国独立电影,5
VGFnOjEwNjA,Drupal,4
VGFnOjMwMDU,合法漏洞,5
VGFnOjIyNDM,數位遊民,5
VGFnOjIxNDA,反抗,4
VGFnOjI0MTE,中國電影,4
VGFnOjM5NTM,Joel來說日本,5
VGFnOjI0ODk,自由工作者,5
VGFnOjI3MjE,医疗,5
VGFnOjMxNjQ,跨性别,5
VGFnOjIxNA,轉型正義,5
VGFnOjIyOTg,自由主义,5
VGFnOjMzNTk,九二共識,5
VGFnOjM1NDM,种族主义,5
VGFnOjE1MA,netflix,5
VGFnOjE5ODk,两性关系,4
VGFnOjE5MTk,中港關係,4
VGFnOjQwNjg,六四事件,5
VGFnOjE1NTE,道德,5
VGFnOjI1MDg,技法,5
VGFnOjE3MDc,獨立電影,4
VGFnOjM3MTQ,朱元璋,5
VGFnOjE,记者,5
VGFnOjM0Mw,春節,5
VGFnOjkxOA,右翼,4
VGFnOjIxNDY,安樂死,5
VGFnOjEzMDI,黎巴嫩,5
VGFnOjM1NA,电子书,4
VGFnOjE5NjE,手機,5
VGFnOjEyNjU,人口問題,5
VGFnOjM2MDI,GFW,4
VGFnOjM0MzE,赛博朋克,0
VGFnOjE5NzY,議場,5
VGFnOjM1Nw,数学,5
VGFnOjIxOTU,人物專訪,2
VGFnOjI4OTQ,经济,5
VGFnOjEwMzY,东北,4
VGFnOjE2NTg,台湾,5
VGFnOjI0MDQ,網軍,5
VGFnOjI4MjU,文化研究,5
VGFnOjE0NDM,电视,5
VGFnOjg2Mg,高雄,5
VGFnOjEyNjc,交通,5
VGFnOjExNzU,低端人口,5
VGFnOjM3OTI,Creative Commons,5
VGFnOjkxNA,問答平台,5
VGFnOjE3MzM,法律白話文,4
VGFnOjQyMzM,糖尿病,5
VGFnOjM0NDA,版权,5
VGFnOjEyOTM,新聞倫理,5
VGFnOjEyNTM,審查,3
VGFnOjE0MjU,榮格,5
VGFnOjUzNQ,九州,5
VGFnOjk2Mg,傳播,4
VGFnOjIzNzM,思想,5
VGFnOjE1Nzg,留守儿童,5
VGFnOjM3MzY,中美搏奕,5
VGFnOjE1NQ,詩人,3
VGFnOjU0Nw,大学,5
VGFnOjE2NjU,注意力,5
VGFnOjE0NTI,亞洲,4
VGFnOjM3NjA,cooking,5
VGFnOjExMTY,網路長城,5
VGFnOjE2NTY,Taiwan,5
VGFnOjMzNg,未來簡史,5
VGFnOjE0NTY,資本主義,4
VGFnOjEzNzE,陳昇,4
VGFnOjc,常识,5
VGFnOjE0MDY,答客問,5
VGFnOjE1OTM,推理小說,5
VGFnOjE0Ng,用戶體驗,5
VGFnOjM2NjE,親密關係,5
VGFnOjI2NTI,平权,5
VGFnOjI1NzI,写作,4
VGFnOjE4ODY,記者,5
VGFnOjI2NDI,意识形态,5
VGFnOjEyNDQ,投資,5
VGFnOjI1NzU,以太坊,5
VGFnOjU3,網路中立,5
VGFnOjE4ODA,真實,5
VGFnOjM3MTM,交互故事,5
VGFnOjI0ODg,UX,5
VGFnOjI5NjA,中产阶级,5
VGFnOjM1NTg,流浪地球,4
VGFnOjQxOTc,立法會,5
VGFnOjI2NDE,朝美峰會,5
VGFnOjIyMA,读书,5
VGFnOjMwNw,劉以鬯,5
VGFnOjEzOQ,好萊塢,5
VGFnOjE1MDY,马克思主义社团,4
VGFnOjI3MjU,數位人文,4
VGFnOjE4OTQ,同溫層,4
VGFnOjI1Mw,涵容,4
VGFnOjIyOTI,Cyber,4
VGFnOjk2NQ,移工,4
VGFnOjc2OQ,苹果,4
VGFnOjMwODY,艺术史,4
VGFnOjE1OTA,Japan,4
VGFnOjE3Mzk,疾病,4
VGFnOjIxNjQ,價值,4
VGFnOjM5ODY,新媒体女性,4
VGFnOjc2,工作紀實,4
VGFnOjIyNg,遊記,3
VGFnOjI4MDM,基隆,4
VGFnOjE1MTM,特朗普,4
VGFnOjMwNTY,食品安全,4
VGFnOjg1Ng,P2P,4
VGFnOjMxNjg,Google,4
VGFnOjQyNg,管制,3
VGFnOjE0MzI,中国纪录片,4
VGFnOjMwODI,政治經濟學,2
VGFnOjQzNw,導演,4
VGFnOjIyMDQ,中國基督教,2
VGFnOjExNTM,西方经济学,2
VGFnOjMzMA,国际关系 ,4
VGFnOjMyNjU,新自由主义,2
VGFnOjI3MjI,VR,4
VGFnOjE4MDU,比特币,4
VGFnOjM4Ng,中國獨立紀錄片,4
VGFnOjMyMjE,戴耀廷,2
VGFnOjE1ODY,政治哲學,3
VGFnOjUxOA,性骚扰,3
VGFnOjMzMTE,國家權力,4
VGFnOjE4NDk,開放資料,4
VGFnOjE1NzQ,種族歧視,4
VGFnOjI1NjQ,生命,4
VGFnOjEyNjk,犯罪,4
VGFnOjIyMTg,假消息,4
VGFnOjM3NTg,英雄,4
VGFnOjEzOTA,审核,4
VGFnOjc0Nw,創新,4
VGFnOjM2NTI,娄烨,4
VGFnOjEwNg,影集,4
VGFnOjE0OTE,意识政治经济学,4
VGFnOjc0MA,SiteGround,4
VGFnOjMyMDY,英国脱欧,4
VGFnOjMyMDU,華為,4
VGFnOjEzNzc,马云,4
VGFnOjMxNjU,性工作者,4
VGFnOjE4OTc,租屋,4
VGFnOjEyODI,農地工廠,4
VGFnOjMwMjM,論壇,4
VGFnOjE5NjI,社运,4
VGFnOjcyMg,網飛,4
VGFnOjY1Mw,政權治理,4
VGFnOjI5MzE,挖礦,4
VGFnOjM5MjA,独立影像,4
VGFnOjE5MTY,災難,3
VGFnOjc0OQ,職場,4
VGFnOjU0Mw,格萊珉銀行,4
VGFnOjE3MDg,艺术,4
VGFnOjM1OTY,斷捨離,4
VGFnOjE3NTE,科幻,3
VGFnOjM3NzI,NGOCN,4
VGFnOjMwNg,金马奖,4
VGFnOjEyNzA,太子黨,3
VGFnOjMyMjk,孟浪,4
VGFnOjE2ODk,消費,4
VGFnOjE4Mzk,越界華文答問,3
VGFnOjI0Njc,China,3
VGFnOjEzOTE,尘肺工人,4
VGFnOjIyNTI,亲子,3
VGFnOjM0NTk,堕胎,3
VGFnOjI3Njg,棒球,4
VGFnOjE1Njk,獨立書店,4
VGFnOjQyMzA,圖文創作,4
VGFnOjIwODg,遊行,4
VGFnOjY3OQ,喜劇,2
VGFnOjY5Nw,齐泽克,3
VGFnOjMwOTA,運動,3
VGFnOjEyMTY,黑客,4
VGFnOjIyMDM,北韩,4
VGFnOjE1NjQ,时间,4
VGFnOjE5MA,链接Links,4
VGFnOjI0Mg,屏蔽,4
VGFnOjE0NjQ,工會,4
VGFnOjEwMjY,公共利益,4
VGFnOjg5Nw,西藏,4
VGFnOjI0OTE,关注团,4
VGFnOjE2MjQ,網路書店,4
VGFnOjI2ODU,佛系青年,4
VGFnOjE0Mw,台灣大學,4
VGFnOjI2ODY,情感,4
VGFnOjE1MjE,男性气质,4
VGFnOjMwODQ,管中閔,3
VGFnOjQxOTI,youtube,4
VGFnOjMwMDY,評論,4
VGFnOjk2Ng,退步時代,1
VGFnOjM5NTY,支聯會,4
VGFnOjI5NzM,劉霞,4
VGFnOjk5Nw,階級,4
VGFnOjI,空巢青年,3
VGFnOjEyNDk,流行音樂,3
VGFnOjI0ODQ,环保,4
VGFnOjMyOTg,女性权益,3
VGFnOjI2Mjk,中东,4
VGFnOjM1OTg,居家,4
VGFnOjI4OTk,網路安全法,2
VGFnOjExODI,匿名性,4
VGFnOjM1MDg,WordPress,4
VGFnOjE2Nzg,地域,3
VGFnOjE0OTc,巴黎,4
VGFnOjMzOQ,舆论空间 ,4
VGFnOjE3OTI,Humanchain Thinking ,4
VGFnOjE1NzY,酷儿,4
VGFnOjI3NTk,未來,4
VGFnOjE4MTI,公共空間,4
VGFnOjIxMjc,维权,4
VGFnOjEwNDU,PTT,4
VGFnOjIyMTE,人性醜惡,4
VGFnOjI1Nzk,心理分析,4
VGFnOjIxNDE,家庭,4
VGFnOjI5NDc,科学传播,4
VGFnOjI0NjM,尤努斯經濟,4
VGFnOjY2Mw,男性,3
VGFnOjI2Njg,是枝裕和,4
VGFnOjI1NTk,性格,4
VGFnOjE0Mzk,土地,4
VGFnOjE1Njg,女性地位,4
VGFnOjYzOQ,東京,4
VGFnOjM3OTM,food,4
VGFnOjEwMzQ,陸生,4
VGFnOjE2MDg,鏡映,4
VGFnOjE4Mg,学术,4
VGFnOjc5Mg,西部世界,4
VGFnOjExOTk,隨想,4
VGFnOjg1NQ,四季书评,4
VGFnOjIwNTU,LGBT,4
VGFnOjgyNw,越南,4
VGFnOjI3OTc,Canada,4
VGFnOjIzOTI,跨性別,4
VGFnOjEyOTQ,新闻伦理,4
VGFnOjIzMzM,難民,4
VGFnOjIyODg,原住民,4
VGFnOjEyMTA,跑步,4
VGFnOjMzNQ,藥品,4
VGFnOjExNTg,房思琪的初戀樂園,3
VGFnOjI2NjY,平面設計,3
VGFnOjMwNDg,暴動,4
VGFnOjI3OTY,展覽,4
VGFnOjE1NTY,愛,3
VGFnOjEzODE,翻译,3
VGFnOjM5MDA,思辨教育,3
VGFnOjEzNTA,文字,3
VGFnOjQxNDg,個體化,3
VGFnOjIxMg,人权,3
VGFnOjMxOA,iPhone,3
VGFnOjE1MDE,公众号 ,2
VGFnOjEyOTU,台灣電影,3
VGFnOjkw,劳工,3
VGFnOjQ3Mw,國中教育,3
VGFnOjI0Mjc,虛擬主機,3
VGFnOjM3ODA,Matters工程日誌,3
VGFnOjMxMTM,城中村,2
VGFnOjM5MjM,陳健民,2
VGFnOjQwMg,高品质内容,3
VGFnOjIxNzM,读书笔记,3
VGFnOjEwNjQ,性少数,3
VGFnOjM5,设计,3
VGFnOjI5NDU,彰化選舉,3
VGFnOjQxOTA,delicious,3
VGFnOjI3Mw,民進黨,3
VGFnOjE0NDg,科幻電影,3
VGFnOjE3OTg,中國特色,3
VGFnOjE5NzA,公告,3
VGFnOjI4ODM,群眾募資,3
VGFnOjI2NTY,對話,3
VGFnOjQyNw,假訊息,3
VGFnOjMxMTA,搖滾,3
VGFnOjEwODU,记忆,3
VGFnOjQxNTM,自我成長,3
VGFnOjMwNDc,青春,3
VGFnOjQxOTE,yummy,3
VGFnOjE3Nzk,數據壟斷,3
VGFnOjI2MzA,敘利亞,3
VGFnOjI1Ng,策略,3
VGFnOjMxMDI,贺建奎,3
VGFnOjI0ODM,亲子沟通,2
VGFnOjQxOTQ,玉山,3
VGFnOjg4Ng,台劇,3
VGFnOjE4Mjk,新人首贴,3
VGFnOjE4OTA,动画,3
VGFnOjE0NjU,台北市,3
VGFnOjM2ODY,世俗化,1
VGFnOjI5Mw,試管嬰兒,2
VGFnOjQz,艺术家 ,3
VGFnOjE3Njg,匱乏,3
VGFnOjk1NQ,討論,3
VGFnOjI0MzI,電競,3
VGFnOjI5Njk,地方,3
VGFnOjk0OA,黑镜,3
VGFnOjY1MQ,突尼西亞,0
VGFnOjI4NDQ,職涯,3
VGFnOjMxOTg,11·09大抓捕事件,1
VGFnOjE4Ng,家暴,3
VGFnOjIzMjU,台灣選舉,3
VGFnOjQwNg,黑鏡 ,3
VGFnOjM2ODU,突尼斯,1
VGFnOjE1MjY,劉曉波,2
VGFnOjI3NTc,荷里活,2
VGFnOjY0,行動支付,3
VGFnOjI4NTU,Crazy Rich Asians,2
VGFnOjEyODM,小王子,2
VGFnOjEyOTE,讀者,3
VGFnOjExNDg,自我管理,3
VGFnOjUyMQ,互联网运营,2
VGFnOjEzMDk,公共住宅,3
VGFnOjI0NTU,共享單車,3
VGFnOjMzOA,夾邊溝,3
VGFnOjMyNTY,北大马会,3
VGFnOjI3OTM,佛洛伊德,3
VGFnOjExNjM,網路行銷,2
VGFnOjMzMDM,圣诞,3
VGFnOjI5NQ,火鍋,3
VGFnOjIyNw,归纳法,2
VGFnOjMzNTA,语象,2
VGFnOjE1OTc,氣候變遷,3
VGFnOjEwOTM,全球化,3
VGFnOjE2MQ,社工,1
VGFnOjY5MA,大陆,3
VGFnOjI5NTA,佔中,3
VGFnOjI3MDI,全聯,2
VGFnOjM5NDQ,泛民,3
VGFnOjI4OTE,儿童,3
VGFnOjMxODc,法國,3
VGFnOjExNDc,改革开放,3
VGFnOjQ1MQ,後殖民,3
VGFnOjI1MTk,伊斯坦堡,2
VGFnOjIyNjA,Blockchain,3
VGFnOjE0NzY,知識,3
VGFnOjE2Mw,免費,3
VGFnOjMwNTQ,城市空间,3
VGFnOjMzMDQ,抖音,3
VGFnOjE0Njg,科學與文藝,3
VGFnOjExNg,科幻小说,3
VGFnOjY0Nw,生育基金,3
VGFnOjg2Ng,設計思考,3
VGFnOjMxNzQ,傅榆,3
VGFnOjkyNA,消费社会,3
VGFnOjY0OQ,冷戰,2
VGFnOjIzNTI,厌女,3
VGFnOjIyNzE,後現代,2
VGFnOjI2Mjg,古典小说,3
VGFnOjI1NzM,Female,3
VGFnOjI5OTQ,韓國瑜,3
VGFnOjE1MDM,沖繩,3
VGFnOjE3OTE,中美关系,3
VGFnOjI0MjU,綜藝,2
VGFnOjE3Ng,自述,0
VGFnOjE2NTU,ICO,3
VGFnOjk0NQ,人性,3
VGFnOjQzMDE,警察,3
VGFnOjQzNTk,調查局,1
VGFnOjI0NDg,平台,3
VGFnOjMyNjA,網站速度,3
VGFnOjM0MjU,自我發展,3
VGFnOjYyMg,短視頻,3
VGFnOjgyNQ,男权社会,2
VGFnOjI5Mzk,抑郁症,2
VGFnOjYxOQ,意識,3
VGFnOjcyMA,佛教,3
VGFnOjM2MjQ,保守主义,1
VGFnOjI2MjE,历史,3
VGFnOjY2,公共知識份子,3
VGFnOjEzNzU,居住,3
VGFnOjE4,stand up comedy,2
VGFnOjg4Nw,2018中期选举,3
VGFnOjI5NTU,体育运动,3
VGFnOjM3NzQ,創作有價,2
VGFnOjU5NQ,友情,3
VGFnOjExNjU,核能,3
VGFnOjEzNDM,傳媒,3
VGFnOjY4NQ,区块链 ,3
VGFnOjI3MzU,虛擬貨幣 ,3
VGFnOjM4Mzg,半小說,3
VGFnOjM1NQ,東奧正名公投,2
VGFnOjIyNA,芬兰,3
VGFnOjMxOTY,恐伊症,3
VGFnOjEyMzI,紐約,3
VGFnOjQ4NQ,图书出版,3
VGFnOjEyNTg,家庭伦理,3
VGFnOjM4ODA,Matters鑑書團,2
VGFnOjI0NDk,自我介绍,3
VGFnOjIzNDk,纪录片,3
VGFnOjUwMA,馬哈迪,3
VGFnOjk4NA,科學哲學,3
VGFnOjI2MTM,中国特色社会主义,3
VGFnOjE4MTA,書摘,2
VGFnOjk4OA,左膠,0
VGFnOjM2NDg,妇女节,3
VGFnOjE1OTk,群眾外包,3
VGFnOjMyMjU,地球人,3
VGFnOjEyNzE,古騰堡,3
VGFnOjMxMzM,格罗斯 邻人 中译本,3
VGFnOjY4OA,毛泽东思想,3
VGFnOjI0MDg,廢文,3
VGFnOjE5OA,认知,3
VGFnOjI3NTE,5G,3
VGFnOjE2Mjc,中學生,3
VGFnOjExMDc,議事規則,3
VGFnOjIzNjI,非虚构写作,3
VGFnOjE4MQ,碩士,3
VGFnOjMzNTE,2018年,2
VGFnOjUzMA,審美,3
VGFnOjc0NA,apple,3
VGFnOjEyOQ,數據自治,3
VGFnOjI1ODc,國家認同,3
VGFnOjE3OQ,內容審查,3
VGFnOjMzMTA,獨立出版,3
VGFnOjk4OQ,大學自治,2
VGFnOjIxODg,9·9纪念毛主席事件,3
VGFnOjM4OQ,彰化,3
VGFnOjc1Mw,公知,3
VGFnOjMwNzY,朝鮮半島,3
VGFnOjMwNjg,想法,3
VGFnOjcyMw,传播,3
VGFnOjI4MzA,諾貝爾和平獎,0
VGFnOjIxODk,心得,3
VGFnOjEwMzk,紀錄片 ,3
VGFnOjI0Njk,马来西亚,3
VGFnOjQwODc,讚賞幣,3
VGFnOjI2NDY,全球概览,3
VGFnOjM1NDI,年夜飯,3
VGFnOjQwOTE,自戀,3
VGFnOjE5NjQ,百度,3
VGFnOjE5ODE,神经科学,3
VGFnOjM4MjA,《全球概览》,3
VGFnOjIzMjc,人世间,3
VGFnOjUzOQ,閻連科,3
VGFnOjI0MDM,Web Hosting,3
VGFnOjIzOTA,瘋狂的亞洲富豪,3
VGFnOjM1NjQ,餐廳經營,3
VGFnOjM0Nzk,許明恩,2
VGFnOjM4NDE,90年代,3
VGFnOjI5NjM,新聞業,3
VGFnOjE3NTY,影评,2
VGFnOjEzMg,編輯,3
VGFnOjIwMTk,三三,3
VGFnOjExNjY,香港民族黨,3
VGFnOjE2MjA,華郵,3
VGFnOjE3MjA,品德教育,3
VGFnOjM4NDA,書店,3
VGFnOjE3NDA,消费主义,3
VGFnOjEyMA,传播学,3
VGFnOjE5OTk,學校教育,2
VGFnOjMxNTM,日常,3
VGFnOjMzNjE,Apple,3
VGFnOjEwNjM,公共政策 高等教育,3
VGFnOjMwMDM,交流,2
VGFnOjM0MzU,Mac,3
VGFnOjI4MjE,土耳其,2
VGFnOjI5ODQ,美剧,3
VGFnOjMwNjM,清單,3
VGFnOjI1MDU,活版印刷,3
VGFnOjMzODM,中国大陆,3
VGFnOjE0Mg,自殺,2
VGFnOjE3MjY,工藝,3
VGFnOjM0NjE,投票权,3
VGFnOjI0Nzg,芬蘭,2
VGFnOjE2NDk,奧斯卡,3
VGFnOjI2NTM,夢境,2
VGFnOjk5,抑鬱症,2
VGFnOjExNzc,计算机,3
VGFnOjU4NA,陳文成,2
VGFnOjI4NTY,直播,3
VGFnOjMwMzk,杜特蒂,3
VGFnOjI2NTQ,资本主义,3
VGFnOjI1NDk,独裁,1
VGFnOjM4Mjk,历史故事,3
VGFnOjI1Mzk,貓,3
VGFnOjM4Mzk,外傭,3
VGFnOjQxMjg,音頻,3
VGFnOjEyMzY,理性,3
VGFnOjM5NjY,日本頭條新聞,3
VGFnOjk0Mw,本土,3
VGFnOjQwNzA,五四,3
VGFnOjExOTE,土地正義,3
VGFnOjI0NDE,社会运动,3
VGFnOjYxMg,WTO,3
VGFnOjQyNzI,因果關係,1
VGFnOjM5MTk,中国独立纪录片,3
VGFnOjIxMjA,歐盟,3
VGFnOjQyMTE,特首,3
VGFnOjk0,生育自主,3
VGFnOjY2OQ,情慾,2
VGFnOjI4Mzc,獨立音樂,3
VGFnOjM0MDI,家电,2
VGFnOjEyOA,流動網絡,3
VGFnOjM3NA,進步主義,2
VGFnOjk4Mw,言論的自我審查,3
VGFnOjU1OQ,成長,3
VGFnOjI3OTI,＃法理學,2
VGFnOjkyNQ,電子商務,3
VGFnOjYxMA,新創公司,3
VGFnOjIyOTU,瑞典,3
VGFnOjM3OQ,統戰,2
VGFnOjM3Nzg,连线,2
VGFnOjM5OTc,视觉中国,2
VGFnOjEwMjM,理想,2
VGFnOjMxNTg, techmoon,2
VGFnOjIyMQ,字體,2
VGFnOjI2NzU,農村土地改革,2
VGFnOjI5NTI,反性暴力,2
VGFnOjM0Njc,名牌,1
VGFnOjI3NDI,台灣政治,1
VGFnOjE5Nw,余光中,2
VGFnOjEyMzA,中產階級,2
VGFnOjMyMTc,世界史,2
VGFnOjExMTU,CRISPR,2
VGFnOjE2OTY,實驗教育,2
VGFnOjI2OTI,跨年,1
VGFnOjMxNjE,Ethereum,2
VGFnOjM5MQ,樹洞,0
VGFnOjMzMzc,接龍,2
VGFnOjI2MDM,人口结构,2
VGFnOjY0NA,社運,2
VGFnOjMwMDk,诗人,2
VGFnOjM1NzU,全球史,2
VGFnOjI2ODc,物理,2
VGFnOjM3MDc,埃及,2
VGFnOjExNTA,GDPR,2
VGFnOjcxOA,寫海的詩,2
VGFnOjI5ODA,付費,2
VGFnOjQxNzA,联想,2
VGFnOjM0MzQ,三中商,2
VGFnOjM3Mzc,中國發展戰略,2
VGFnOjM4MQ,修憲,1
VGFnOjM3ODI,清真,2
VGFnOjMyMTA,杂记,1
VGFnOjM3MTI,交互叙事,2
VGFnOjI3MDY,兒童時代,2
VGFnOjU0NQ,依法治国,2
VGFnOjEyMzQ,秦暉,2
VGFnOjk2Nw,輿論,2
VGFnOjU5NA,Bilibili,2
VGFnOjE5OTE,区块链应用,2
VGFnOjM4NzQ,电子设备,2
VGFnOjE5Njg,计划生育,2
VGFnOjI3MzA,酷兒影展,2
VGFnOjI4MDU,Myanmar,2
VGFnOjM0ODk,嬰兒養育,2
VGFnOjMwMQ,扁平化,2
VGFnOjI5Njc,七夕,2
VGFnOjIwNDI,二次世界大戰,1
VGFnOjg3MQ,C語言,2
VGFnOjI4MzU,温暖的食物,2
VGFnOjE3NjQ,墮落,1
VGFnOjU4MA,武俠,1
VGFnOjMzNw,情緒病,2
VGFnOjIyMjc,音樂劇,2
VGFnOjY1Nw,劳动法,2
VGFnOjQwMA,榮民,2
VGFnOjM2MDU,隐私 ,2
VGFnOjMzOTg,CES,2
VGFnOjEwMzE,形而上學,1
VGFnOjI5NTg,貓狗,2
VGFnOjIwNDQ,地方創生,2
VGFnOjI2Njc,五角大廈文件,2
VGFnOjE5ODA,街拍,2
VGFnOjE2NTQ,個人經驗,2
VGFnOjQwNDE,政治宣传,2
VGFnOjE0ODA,女性科學家,2
VGFnOjE5MQ,葡萄牙,2
VGFnOjExNTU,小粉红,2
VGFnOjUwMw,以色列,2
VGFnOjE0Mjc,數學,2
VGFnOjI4Ng,現代性,1
VGFnOjIwNjc,聊天,1
VGFnOjIwODc,影片,2
VGFnOjI2OTQ,內涵段子,2
VGFnOjEzMzg,奧運,2
VGFnOjI5Nzg,斜槓青年,2
VGFnOjQwMzI,采访故事,2
VGFnOjEwNTA,性别差距,2
VGFnOjU4OQ,週刊編集,2
VGFnOjE5NTM,批評,2
VGFnOjE0NzA,阿里巴巴,2
VGFnOjI5Mjk,ux research,2
VGFnOjE4OTg,法普,2
VGFnOjI4ODU,素描,2
VGFnOjM0MDE,memories,1
VGFnOjM0NzI,設計過程,1
VGFnOjMzMzU,cnBeta,2
VGFnOjQwMjg,营养,2
VGFnOjM5Nw,獨立媒體,2
VGFnOjE0OTM,金錢,2
VGFnOjIwNjQ,程式設計,2
VGFnOjMyNjg,非洲豬瘟,2
VGFnOjI5ODg,詐欺,2
VGFnOjEwNjc,理想化,2
VGFnOjE0MjM,BDSM,1
VGFnOjE1NjY,意識形態,2
VGFnOjMzODQ,爱尔兰,2
VGFnOjI2MDQ,咖啡,2
VGFnOjE3OTM,海外實習,2
VGFnOjMwMzA,新媒體,2
VGFnOjE1MzA,文化政策,2
VGFnOjI5NzY,聽證會,2
VGFnOjI4Mjg,高校,2
VGFnOjIxMTA,码字工具,2
VGFnOjEzOTY,紐約時報,2
VGFnOjQ0,News,2
VGFnOjgxNA,轉型,2
VGFnOjEwOTk,影像,2
VGFnOjI4,228事件,2
VGFnOjMyOTM,隨機殺人,2
VGFnOjE2ODU,華語,2
VGFnOjExMTM,打车,1
VGFnOjIzOA,第二人格,2
VGFnOjc3,瑞士,2
VGFnOjE0NDY,文化行動 ,2
VGFnOjEzNDQ,＃都市公共空間,2
VGFnOjI1MDk,3C,2
VGFnOjMyODA,矛盾,2
VGFnOjIwMDM,求助,2
VGFnOjI3MDk,台積電,2
VGFnOjIyNTM,CRPD,2
VGFnOjM4MDY,裕民坊,2
VGFnOjIwNg,民族學,2
VGFnOjE5NjM,凱瑟琳 ‧ 葛蘭姆,2
VGFnOjg4OA,仇恨言论,2
VGFnOjMxODg,生死觀,2
VGFnOjMxOTM,firefox,2
VGFnOjQyODk,北师珠,2
VGFnOjExMDU,階層,2
VGFnOjI5NDE,墓碑,2
VGFnOjM2NDA,曼努,1
VGFnOjEwMDA,共享社区,1
VGFnOjYzNg,概率論,2
VGFnOjQy,工作紀實 ,2
VGFnOjM0Mjg,洗稿,2
VGFnOjI1ODA,探险,1
VGFnOjE1NDQ,人類學,2
VGFnOjE2MTc,Laos,2
VGFnOjEzNDA,时事,1
VGFnOjM4Mjg,時政,1
VGFnOjIwNjY,沙特,2
VGFnOjUwNA,工作假期,2
VGFnOjE0MTc,SEM,1
VGFnOjM1MTA,WordPress Hosting,2
VGFnOjIxNjk,貧窮,2
VGFnOjM3Nzk,Xanadu,2
VGFnOjE1MDc,循環經濟,2
VGFnOjk3OQ,自言自语,1
VGFnOjc1,政黨,2
VGFnOjE1MTQ,夾娃娃機,2
VGFnOjI0NjI,矽谷,2
VGFnOjI3Mjg,当代史 ,2
VGFnOjE3NTA,霸凌,2
VGFnOjg0Ng,香港歷史,2
VGFnOjIwODI,房屋,2
VGFnOjQzMjE,狗,2
VGFnOjQxNDQ,权力的游戏,2
VGFnOjQxMTM,笑話,2
VGFnOjIzNDY,合法性,2
VGFnOjMzMzY,社會化,2
VGFnOjQ2MA,出租车,1
VGFnOjIzMjQ,監察,2
VGFnOjEwMTY,華文,2
VGFnOjU4OA,藥事照護,2
VGFnOjM2MDY,数码社会,2
VGFnOjE2NTA,三观审判,2
VGFnOjM5ODc,區議會,2
VGFnOjMyODk,聖誕節,2
VGFnOjE5MTU,中國戲劇,1
VGFnOjE0NDQ,展览,2
VGFnOjM3NTk,cook,2
VGFnOjExNzQ,生涯規劃,2
VGFnOjYyOQ,集體行動,1
VGFnOjgwNw,香港媒體,2
VGFnOjE5NDY,藝術創作 智財 法律 文創經紀,2
VGFnOjM3MzE,莫迪亚诺,1
VGFnOjMwMDI,新零售,2
VGFnOjI1ODI,web2.0,2
VGFnOjUyNw,商业,2
VGFnOjE2NDM,internet,2
VGFnOjMyNzg,atheism,2
VGFnOjEzNjY,阶层固化,1
VGFnOjM2NTQ,写作焦虑,2
VGFnOjE0MTY,EOS,2
VGFnOjIxODc,订阅,2
VGFnOjcwOQ,逻辑,2
VGFnOjMyNzk,London,2
VGFnOjE2NDY,獨立,2
VGFnOjE2NzQ,籃球,2
VGFnOjIwNzY,梦,1
VGFnOjIwNTQ,墾丁,2
VGFnOjEyNjY,神话,2
VGFnOjEwNDI,時事評論,2
VGFnOjYxNw,政治犯,0
VGFnOjMwNDQ,伯格曼,1
VGFnOjIyNzk,新时代,2
VGFnOjM4ODY,新老用户配对,2
VGFnOjI5NzA,字型,2
VGFnOjcyOA,反核,2
VGFnOjY1NQ,港獨,2
VGFnOjI4NjI,樂齡,2
VGFnOjEx,监管,2
VGFnOjI4Mg,往事,2
VGFnOjMzNjY,詩,2
VGFnOjEyODg,美学,2
VGFnOjM3NTY,游行,2
VGFnOjI1ODM,  文學,2
VGFnOjIyMTU,刘晓波,2
VGFnOjQyNjM,心靈,2
VGFnOjM2OTA,科幻与媒体艺术,2
VGFnOjc0Mw,移工 ,1
VGFnOjMyODI,新光晚会,2
VGFnOjMxNTA,柔情史,1
VGFnOjI2MA,马蜂窝,2
VGFnOjI1MTE,邏輯思維,2
VGFnOjQxMDE,悲伤,2
VGFnOjIxNDI,改革,2
VGFnOjQwNjA,藥價政策,2
VGFnOjMwOQ,318運動,2
VGFnOjQwNTg,醫起懶,2
VGFnOjQ0MA,網路平台,2
VGFnOjEyMzk,流動通訊,2
VGFnOjM0NzE,金句帖,2
VGFnOjM4ODg,工傷工友,2
VGFnOjM4ODk,短诗,2
VGFnOjQ5MQ,香港共產黨,2
VGFnOjE5MjM,玄學,2
VGFnOjIxMw,反右,2
VGFnOjE3NTc,住屋金融化,2
VGFnOjE1NDA,研究自述,2
VGFnOjI2NjM,language,2
VGFnOjIzMDA,夾邊溝  反右,2
VGFnOjI1Mjc,NBA,2
VGFnOjQwNjI,醫藥,2
VGFnOjMyNjE,載入速度,2
VGFnOjQwNjE,市場進入,2
VGFnOjc3Mg,孤兒,2
VGFnOjE2Mzg,"環境運動,",2
VGFnOjM1,報告文學,2
VGFnOjg5NQ,旅行观察,2
VGFnOjI1OTk,廣場舞,2
VGFnOjQwNTk,學名藥,2
VGFnOjM0NA,春节,2
VGFnOjM5MjI,朱耀明,1
VGFnOjc3NQ,艺术电影,1
VGFnOjM5OTk,风中有朵雨做的云,2
VGFnOjI2NDA,新移民,2
VGFnOjEzMjg,社會心理學,2
VGFnOjkzMA,我的评论,2
VGFnOjI0NzE,成长,2
VGFnOjMxMDM,女工,2
VGFnOjIzNTY,農工競合,2
VGFnOjU0Ng,畢業,2
VGFnOjMyNzc,無神論,2
VGFnOjMwNjI,立法,2
VGFnOjQzMjA,艾荷华,2
VGFnOjEzNjQ,女司机,2
VGFnOjMxMjE,医学伦理,2
VGFnOjE2MDA,流动人口,2
VGFnOjMyMDA,革命,2
VGFnOjQzNQ,地方創生 ,2
VGFnOjMzMjE,Blogspot,2
VGFnOjEzNjU,羅興亞,2
VGFnOjM3MDU,周记,2
VGFnOjI1Nw,舞蹈,2
VGFnOjE4NTU,聚眾,2
VGFnOjM5NzE,管理技术,1
VGFnOjYxOA,声援团,2
VGFnOjQ5NQ,一屍到底,2
VGFnOjMxMDU,消除性别暴力日,2
VGFnOjI0MTU,小程序,2
VGFnOjM3MzA,開放數據,2
VGFnOjM0Njg,央视,1
VGFnOjExNDk,USR,2
VGFnOjU3Nw,科学上网,2
VGFnOjM0NzQ,Email,2
VGFnOjM4NTI,政治 ,2
VGFnOjE2NzY,調水,2
VGFnOjM5Njk,计划经济,1
VGFnOjM3Mjk,Open Data,2
VGFnOjg4NQ,雨伞运动 ,2
VGFnOjI2NzQ,两岸,2
VGFnOjI4Nzk,粵語,2
VGFnOjM1NjM,厕所,2
VGFnOjM1NjU,早餐店,2
VGFnOjE1MTY,編劇日常,2
VGFnOjI0ODU,正义,2
VGFnOjcwMA,國土計畫,2
VGFnOjM5Mzc,2020大選,2
VGFnOjkwNA,社会创新,2
VGFnOjE2ODA,國軍,2
VGFnOjE2MTY,食物 ,1
VGFnOjE0MjA,華僑,2
VGFnOjM1OQ,广州,2
VGFnOjE2NTk,能源轉型,2
VGFnOjI3Mzc,1984,2
VGFnOjE3NDc,長照,2
VGFnOjMxNTQ,测试,1
VGFnOjMxODY,辩论,2
VGFnOjg1OQ,小说家,2
VGFnOjI1,Path,2
VGFnOjYyMw,短视频,2
VGFnOjIxMA,性别歧视,2
VGFnOjMyNDQ,悼亡,2
VGFnOjIzMTA,成人產業,2
VGFnOjM3ODg,云串流游戏,2
VGFnOjQwMDg,主机游戏,2
VGFnOjEwODc,厭世,2
VGFnOjM4MDI,艾伦·凯,2
VGFnOjI3Njk,聯合國,2
VGFnOjE0ODU,胡波 大象席地而坐,2
VGFnOjE5ODQ,B站,2
VGFnOjMyMDk,人类,2
VGFnOjI1MDE,天氣異常,2
VGFnOjM2ODc,家庭暴力,2
VGFnOjMzMjM,減碳,2
VGFnOjMwMTY,Media,2
VGFnOjM1MTc,节育,2
VGFnOjQwMTU,彼得森,1
VGFnOjEzMjk,9·11,0
VGFnOjEzMTY,写信,1
VGFnOjM5NTA,李志,2
VGFnOjM2,盜領遺產,2
VGFnOjIzMjM,性平教育,2
VGFnOjEyMDU,稅收,2
VGFnOjYxMw, 日本,2
VGFnOjI2MTU,實驗,2
VGFnOjEwMw,臺北藝術節,2
VGFnOjIwMzg,觀察,2
VGFnOjMwODE,國企,2
VGFnOjM5NDU,訓導,2
VGFnOjM3OTY,人生故事,2
VGFnOjM5NDM,教協,2
VGFnOjQyMTI,主旋律,1
VGFnOjM3Njc,代幣經濟,2
VGFnOjEwOTg,民意,1
VGFnOjI5OTc,MacBook,2
VGFnOjM5NzA,社会主义,1
VGFnOjM3NTE,四川,1
VGFnOjM5Njg,沃尔玛,1
VGFnOjE3MjM,自由派,1
VGFnOjI0Ng,SNS,2
VGFnOjIzMDc,抗争 反对 极权社会,2
VGFnOjE0NQ,戰爭,2
VGFnOjEzODM,权利,2
VGFnOjE5MzM,如何做出一個牛轟轟的產品,2
VGFnOjE0OTY,Teaching,2
VGFnOjMwMjg,Git,2
VGFnOjI3OQ,中文,2
VGFnOjM3NDY,Brexit,2
VGFnOjE4NTQ,在地文化,2
VGFnOjM4NjM,社交媒体,2
VGFnOjI2MDk,班桀明,2
VGFnOjk0Mg,大陆新儒家,2
VGFnOjIxMjk,游记,2
VGFnOjIzNTA,女權主義,1
VGFnOjIzODE,職務犯罪,2
VGFnOjQxNTI,歌詞,2
VGFnOjI3NzQ,天然統,2
VGFnOjk5OQ,身体,2
VGFnOjEwMjc,種族,2
VGFnOjI1MTg,台胞,2
VGFnOjIxOA,Reading,2
VGFnOjM2NDY,臺灣,1
VGFnOjEwNzM,咖啡廳,2
VGFnOjMwMTU,前端,2
VGFnOjQxMzM,李士傑,1
VGFnOjE1Nzk,學費,2
VGFnOjExNzg,生态环境,2
VGFnOjIxMjI,教育平权,2
VGFnOjQxMzQ,友誼,1
VGFnOjI1NzY,溝通,2
VGFnOjIyMjg,占中,2
VGFnOjE4MjQ,时世 心力,2
VGFnOjMxNDU,機器人,2
VGFnOjI4ODg,運動科技,2
VGFnOjIxMDY,口述史,2
VGFnOjI0MA,陳冠中,2
VGFnOjQzMDI,玩轉社區,1
VGFnOjIzNQ,國家發展策略,2
VGFnOjE0NTk,兩韓峰會,2
VGFnOjExNTc,流动儿童,2
VGFnOjMxNDc,楊明明,1
VGFnOjI0NjA,記憶,2
VGFnOjE3MDk,梁振英,2
VGFnOjM5NTU,996ICU,2
VGFnOjQxNDM,後物質,2
VGFnOjQxMA,Benjamin says,2
VGFnOjM0NDg,周家盈,2
VGFnOjI2NDk,網路購物,2
VGFnOjE0NjM,怀念 反思 表达,2
VGFnOjM2MTc,种族,2
VGFnOjgwMQ,政府檔案,2
VGFnOjIwMDk,身體,2
VGFnOjE4ODc,technology,2
VGFnOjM1ODU,澳洲,1
VGFnOjMxMjQ, siri,2
VGFnOjMyMDg,生物学,2
VGFnOjM3NDc,福利,1
VGFnOjIwMjI,锤子科技,2
VGFnOjMwNDA,創投,2
VGFnOjUwOA,毒品,2
VGFnOjMwOTM,接地氣,2
VGFnOjEyNDg,納粹,2
VGFnOjM5MjY,师范生,2
VGFnOjM5Mjk,廣東話,2
VGFnOjIyODk,感想,2
VGFnOjQxNjA,Girls,2
VGFnOjEzOTI,分布式,2
VGFnOjMyNTk,城市權利,2
VGFnOjEzNTM,运营,2
VGFnOjE3NDU,采访 ,2
VGFnOjk3Nw,美國政治 ,2
VGFnOjE4Mjc,个人主义,2
VGFnOjcyNA,網上騙案,2
VGFnOjEwMjg,非虚构,2
VGFnOjE0ODM,西门媚,2
VGFnOjM5MzI,佔中九子案,2
VGFnOjM0Mjk,知识产权,2
VGFnOjE2MTU,短文,2
VGFnOjQwNTE,反恐战争,2
VGFnOjE4MjA,休息；放鬆；放空；散文；心靈,2
VGFnOjI3ODA,林奕含,2
VGFnOjE4Njc,吉爸學堂,2
VGFnOjM3MzM,香港價值,2
VGFnOjI4MDA,公民科技,2
VGFnOjIxNTQ,高房租,2
VGFnOjQyNzM,讀paper,1
VGFnOjMyMDE,太阳系,2
VGFnOjI1MDM,文化認同,2
VGFnOjM4MDQ,換個視角,2
VGFnOjI2Mjc,生育權,2
VGFnOjQxMzI,哥吉拉,2
VGFnOjM4Nzg,訂閱制,2
VGFnOjI5ODc,社群經營,2
VGFnOjE4NDI,抒發,2
VGFnOjMwOTU,銀行,2
VGFnOjkxMw,问答平台 ,2
VGFnOjI4NzA,freaknomics,2
VGFnOjE5NTU,医疗保险,2
VGFnOjI3Nzc,制度,1
VGFnOjIwODk,過勞死,2
VGFnOjE5NTE,科技与社会,2
VGFnOjMxNzY,高校社团,2
VGFnOjM3NzU,出轨,2
VGFnOjM0OTk,10YearsChallenge,2
VGFnOjMxNDg,郭月,1
VGFnOjE0MzU,Gender,2
VGFnOjQ5OQ,MacBook Pro,2
VGFnOjM2Mzk,商业代孕,2
VGFnOjMwMzY,村上春樹,2
VGFnOjE5MzU,OFW,2
VGFnOjIyMjY,罷工,2
VGFnOjM4OTk,歧视,2
VGFnOjYy,荐书,2
VGFnOjMzMzE,搞笑,2
VGFnOjEwNDQ,課程,2
VGFnOjM1ODc,黄向墨,1
VGFnOjE5OTU,宏观经济,2
VGFnOjE0MjY,斜槓,2
VGFnOjE4NDM,评论,2
VGFnOjk3Ng,機構,2
VGFnOjI3OTk,大陆人,1
VGFnOjMzODI,毛泽东,2
VGFnOjI4NjQ,白色恐怖,2
VGFnOjM1NTQ,讀書心得,2
VGFnOjM1NzI,自我概念,2
VGFnOjExNjE,兒童教育,2
VGFnOjY1NA,萧红,2
VGFnOjUzMg,金瓶梅,2
VGFnOjIwNjM,自由保守主义、中国施派、左翼自由主义,2
VGFnOjg2NQ,中医,1
VGFnOjMyMzQ,工业区,2
VGFnOjQyMA,學生,2
VGFnOjQ0NQ,創傷症候群,2
VGFnOjM5NjI,LES,2
VGFnOjEwODQ,資訊圖表,2
VGFnOjI4NzY,口述历史,2
VGFnOjEyMjY,農藥,2
VGFnOjc1MQ,台大校長,1
VGFnOjM2Ng,工業用地,2
VGFnOjEwMDQ,中年危机,2
VGFnOjIzMTg,零容忍,2
VGFnOjE0MzM,社会达尔文主义,2
VGFnOjQyOTA,Computex,1
VGFnOjQyMjg,洋葱人,2
VGFnOjI2MjY,话剧,2
VGFnOjM2Nzg,新西兰,2
VGFnOjQzMTM,支教,2
VGFnOjI2OQ,米其林指南,2
VGFnOjEyNzY,自杀,2
VGFnOjk1MQ,獨裁,2
VGFnOjM4MTQ,中環價值,2
VGFnOjIyMjQ,自由主义 中产阶级 左翼青年,2
VGFnOjQ5NA,诺贝尔,2
VGFnOjY1Ng,民族性,2
VGFnOjI5Mjg,安全,2
VGFnOjEwOTE,卢梭 ,2
VGFnOjIxNTM,財政預算案,2
VGFnOjE1MzM,舉報,2
VGFnOjMxNzI,脱欧,2
VGFnOjEwNjI,在线问答,2
VGFnOjM1NzY,性暴力,2
VGFnOjcxMQ,醫學,2
VGFnOjM1NDU,駐村,1
VGFnOjExNzM,台灣 出版,2
VGFnOjMwODc,檢察,2
VGFnOjI3NzI,伪科学,2
VGFnOjMzMg,沙龍,2
VGFnOjEyMTU,追星,2
VGFnOjE2MjY,慈善,2
VGFnOjE4MTk,chatbot,2
VGFnOjI5OTY,毒品戰爭,2
VGFnOjM0NjY,腾讯,2
VGFnOjE4Nw,殖民主义,2
VGFnOjI2MQ,黨國體制,2
VGFnOjEzOTc,民粹主義,2
VGFnOjk0MQ,共产党,2
VGFnOjE3NjM,理性思考,2
VGFnOjM2MzI,联合国,2
VGFnOjI1NDY,工伤权益,1
VGFnOjM2NjM,心像,2
VGFnOjY1OA,巴勒斯坦,2
VGFnOjEzODY,国际政治,2
VGFnOjExMDI,冰島,2
VGFnOjMzMDY,異鄉,2
VGFnOjMxNDY,路邊野餐,1
VGFnOjQyOTE,当代文学,2
VGFnOjE0Mjg,視覺異能,2
VGFnOjE3NTg,胡思乱想,2
VGFnOjIyMzE,效益主義,2
VGFnOjM2OTI,塔台   空管  安全  飞行,2
VGFnOjgwOA,夜市,2
VGFnOjEyNDc,小紅帽,2
VGFnOjM1NDQ,幸福,2
VGFnOjI3NTQ,永續發展,2
VGFnOjgzNQ,民主素養,2
VGFnOjE3NTQ,空間,2
VGFnOjI5MDg,希特拉,2
VGFnOjE1MDg,香港文化,2
VGFnOjY0Mw,孤兒院,2
VGFnOjMxMTc,DNA,1
VGFnOjMzNjQ,New York,1
VGFnOjM2Nw,功德,1
VGFnOjE3MDE,黃耀明,0
VGFnOjExNTY,物價,1
VGFnOjEwNTY,政治菁英,1
VGFnOjM0NTQ,HostGator,1
VGFnOjE2MzA,明信片,1
VGFnOjM4MDA,OTT,1
VGFnOjM4NTg,反饋,1
VGFnOjM3OTg,串流影音,1
VGFnOjM3OTk,娛樂,1
VGFnOjM5ODE,copyright,1
VGFnOjQzMTI,香港警察,1
VGFnOjQwNTI,智识,1
VGFnOjQzMTE,新闻评论切片,1
VGFnOjQwNTA,斯里兰卡,1
VGFnOjM0MDk,烏托邦,1
VGFnOjM4MDE,滚石杂志,1
VGFnOjQyNzE,策略性投票,0
VGFnOjIzMzg,google,1
VGFnOjE2OTg,幻想,1
VGFnOjczNw,市長選舉,1
VGFnOjM4NTk,反主流文化,1
VGFnOjM4NjA,科技革命,1
VGFnOjExMjk,心理学,0
VGFnOjQwMTg,毕赣,0
VGFnOjQwMjA,王村村,0
VGFnOjQwMTk,毛不易,0
VGFnOjQzMTY,亞斯,1
VGFnOjM4MDM,成長小說,1
VGFnOjEyNjA,新人,0
VGFnOjM5MTc,弱势群体,1
VGFnOjQzMTQ,分佈式內容儲存,1
VGFnOjM5MTY,公共理性,1
VGFnOjQzMTU,同性婚姻,1
VGFnOjQxNzQ,失敗者,1
VGFnOjM1OTQ,欧洲价值,1
VGFnOjQwNTM,危志立,1
VGFnOjQzMjM,断网,1
VGFnOjM5MTg,独立纪录片,1
VGFnOjM4MDU,說走就走,1
VGFnOjM4NjE,深港,1
VGFnOjE3OTQ,馬雲,1
VGFnOjQxMjM,MUBI,1
VGFnOjQzMjI,七五,1
VGFnOjQzMjQ,crm,1
VGFnOjQzMTg,执法权,1
VGFnOjQzMTc,同妻,1
VGFnOjQzMTk,滥用执法权,1
VGFnOjQzMjU,顧客關係管理,1
VGFnOjQxMjQ,補習,1
VGFnOjM2NzE,財政司,1
VGFnOjM2NzA,陳茂波,1
VGFnOjM2Njk,韓戰,1
VGFnOjQzMjY,周末蛤丝聚,1
VGFnOjM3NTU,交易所,1
VGFnOjM2NzI,香港財政,1
VGFnOjM4NjI,vintage,0
VGFnOjQwMjE,新聞收費,1
VGFnOjU2Ng,弗洛伊德,1
VGFnOjMyMjY,时代杂志,1
VGFnOjM5MjE,鯉魚門,1
VGFnOjE2OTk,大飢荒,1
VGFnOjI3MjQ,草根行動,1
VGFnOjU3OA,情绪,1
VGFnOjI4NTk,梦的解析,1
VGFnOjExNDE,身障者,1
VGFnOjgwMA,HTC,1
VGFnOjMzMw,柳原汉雅,1
VGFnOjMxMTg,基因剪刀,1
VGFnOjIxNTU,品格教育,1
VGFnOjE5MTc,Sexual-Assault,1
VGFnOjE0MTQ,混乱攻击,1
VGFnOjE4MzY,创业,1
VGFnOjIwNzI,Islam,0
VGFnOjMzOTM,精神疾患,1
VGFnOjE2Mjg,社交,1
VGFnOjE3MzQ,婦女勞動比例,1
VGFnOjgwNg,多倫多,1
VGFnOjMzNzE,培養好習慣,1
VGFnOjEyODU,凝聚态物理,1
VGFnOjE5MDM,加密货币,1
VGFnOjI3NDc,燦爛時光東南亞書店,1
VGFnOjE3NTk,HongKong,1
VGFnOjIwOTY,感知,1
VGFnOjM0MzY,隱藏桌面,1
VGFnOjM1ODE,图书馆,1
VGFnOjQzMjc,撐香港,1
VGFnOjIyMTc,吳中煒,1
VGFnOjgxOQ,奧美,1
VGFnOjI3MDM,noli,1
VGFnOjI1MjY,个人碎碎念,1
VGFnOjI5NjI,authenticity,1
VGFnOjE1Mjc,碼頭工人,1
VGFnOjM1MDc,福澤喬,1
VGFnOjM0NzU,SMS,1
VGFnOjM4MDg,資訊社會學,1
VGFnOjM4MDc,網路實名制,1
VGFnOjM2NzM,賴奕諭,1
VGFnOjI5MTA,甜點,1
VGFnOjMxOTA,定量研究,1
VGFnOjI3Njc,摘抄,1
VGFnOjMzNDI,不瘋魔不成活,1
VGFnOjI2NzE,文案 ,1
VGFnOjExMzQ,头巾,1
VGFnOjM4NjQ,假新闻,1
VGFnOjMwNzA,天文物理學,1
VGFnOjEwODE,感情騙子,1
VGFnOjM1NDE,回顾,1
VGFnOjMxNTc, startpage,1
VGFnOjE3MTU,岳昕,1
VGFnOjI4OTY,精神卫生法,1
VGFnOjk1Ng,陶崇园,1
VGFnOjM2MDg,尘肺病,1
VGFnOjE5MTE,political philosophy,1
VGFnOjM4NjU,媒介素养,1
VGFnOjY3NA,worldpeace,1
VGFnOjI5Mjc,妇科,1
VGFnOjI0Mw,藥師,1
VGFnOjg1Mw,世界經濟論壇,1
VGFnOjIwNDk,アニメ,1
VGFnOjIwNTk,軍政府,1
VGFnOjI4Njg,塑膠,1
VGFnOjE5Mw,网络霸凌,1
VGFnOjk4,長期照護,1
VGFnOjM2MjY,后结构主义,1
VGFnOjIxODU,subscription,1
VGFnOjIyNDk,social media,1
VGFnOjE4NDc,網路綜藝,1
VGFnOjExMTc,网络长城,1
VGFnOjIxMTU,鍾玲玲,1
VGFnOjIzNzY,workspaces ,1
VGFnOjY4Ng,PO.ET,1
VGFnOjM0NjM,版權,1
VGFnOjM1ODk,烏拉圭,0
VGFnOjM0NTA,英國 美國 政治 川普 特蕾莎梅,1
VGFnOjc2Mw,外勞,1
VGFnOjIzOTY,梁思成,1
VGFnOjE5ODc,＃自治,1
VGFnOjE0ODk,OBR,0
VGFnOjkwMA,佳士事件,0
VGFnOjEwMDM,傳統布袋戲,1
VGFnOjE3NDk,可可夜總會,1
VGFnOjIzMDQ,網路遊戲,1
VGFnOjk4MA,首發 變革管理 專案管理 整合,1
VGFnOjMzMjY,曾仕强,1
VGFnOjE5MTQ,個資,1
VGFnOjUyNg,商業,1
VGFnOjE3NDI,業配,1
VGFnOjQxMjU,海德格尔,1
VGFnOjM4Njc,macOS,1
VGFnOjUyMw,北京折叠,1
VGFnOjcxNA,少女☆歌劇 Revue Starlight,1
VGFnOjMyNTQ,CryptoKitties,1
VGFnOjM0NTI,pmsb,1
VGFnOjI5MDI,內容連結,1
VGFnOjI4Nzc,漫威,0
VGFnOjMzODA,秘密,1
VGFnOjkz,單身稅,1
VGFnOjI5NzQ,宗教右派,1
VGFnOjQwODI,人民公敌,1
VGFnOjc4NQ,被遺忘權,1
VGFnOjE5MjA,河洛話,1
VGFnOjM1MDk,Hosting,1
VGFnOjIzMA,共和主义,1
VGFnOjk2OQ,實名制,1
VGFnOjE5NDU,國慶,1
VGFnOjE4NjQ,田野考察,1
VGFnOjM3Mw,無國界,1
VGFnOjMyMzA,獨立中文筆會,1
VGFnOjMxODk,社会调查,1
VGFnOjIyNTE,社群媒体,1
VGFnOjI1MTU,反智主义,1
VGFnOjMwNzk,演員,1
VGFnOjE4Nzk,老人與海,1
VGFnOjQzMzE,DETT,1
VGFnOjIzMDg,哲五 ,1
VGFnOjMyNzA,刘伟伟,1
VGFnOjQxNzU,老化,1
VGFnOjEwNDM,港珠澳大橋,1
VGFnOjI2NzI,兒童成長,1
VGFnOjEwMQ,廢棄物,1
VGFnOjMzMTI,寵物,1
VGFnOjM0NDQ,Apps,1
VGFnOjIyNDE,夢,1
VGFnOjM4NjY,朱元璋戏说,1
VGFnOjE1MQ,粵港澳大灣區,1
VGFnOjI0NDI,高錕,1
VGFnOjM0OTU,墨西哥,1
VGFnOjExMjQ,和谐社会,1
VGFnOjc1Ng,王小波,1
VGFnOjMyOTA, 劉霞,1
VGFnOjYwNg,史考特．麥克勞德,1
VGFnOjE3Mjc,传统文化,1
VGFnOjIwOQ,TEST TEST TEST TEST,0
VGFnOjIxODI,錄音帶,1
VGFnOjQzMjg,Poem,1
VGFnOjYzMA,摘金奇缘,1
VGFnOjIzMDY,惡法亦法,1
VGFnOjQ1NQ,禮物經濟,1
VGFnOjIyNjM,理性的自負,1
VGFnOjM2MTE,莫比乌斯,1
VGFnOjMzNTY,rime,1
VGFnOjMzMTg,台灣獨立,1
VGFnOjM4NzA,波西米亚狂想曲,1
VGFnOjM4MTM,數位身分證,1
VGFnOjM4MDk,和平協議,1
VGFnOjM4Njk,皇后乐队,1
VGFnOjQwODA,ISIS,1
VGFnOjM4MTA,黃士修,1
VGFnOjM4Njg, 播客,1
VGFnOjM4MTY,露宿者,1
VGFnOjM4MTU,重建,1
VGFnOjgwMg,ISP,1
VGFnOjQwODE,巴格达迪,1
VGFnOjQxMjY,柏拉图,1
VGFnOjM4MTI,財金公司,1
VGFnOjMyNzI,機器學習,1
VGFnOjEwNzQ,暴龍隊,1
VGFnOjM2NDI,Google Play Store,0
VGFnOjExMTk,居酒屋,1
VGFnOjMzODU,金融危机,1
VGFnOjI0NDY,120草原自治區,1
VGFnOjE3NzQ,故乡,1
VGFnOjI2NDc,招聘,1
VGFnOjM0NTU,虛擬主機評測,1
VGFnOjEzMjQ,没有标签,1
VGFnOjExNjA,父子,1
VGFnOjMyNzU,SEO 趨勢,1
VGFnOjQxMQ,阿湯哥,1
VGFnOjk,維根斯坦,1
VGFnOjM0ODY,議題,1
VGFnOjE2OTU,雜念,1
VGFnOjMzMQ,素食主义,1
VGFnOjE0MTE,漲價,1
VGFnOjQzMjk,Blaise Cendrars,1
VGFnOjEzMjY,舊金山,1
VGFnOjI1ODg,五月风暴,1
VGFnOjI3ODY,万引き家族,1
VGFnOjMyNDM,田喜,1
VGFnOjEzODQ,文學 ,1
VGFnOjM2NjQ,紐西蘭,1
VGFnOjI2MzI,關西,1
VGFnOjEyMDY,税收,1
VGFnOjI2Nzk,工程,1
VGFnOjMxODI,反暴力,1
VGFnOjM4MTE,中聯辦,1
VGFnOjQzMzI,亡國感 ,1
VGFnOjM5ODI,巴黎圣母院,1
VGFnOjQzMzM,今日香港明日台灣,1
VGFnOjQwMjI,996,1
VGFnOjQyNzQ,动物权利,1
VGFnOjMyNDA,谋杀,1
VGFnOjIwODE,意识,1
VGFnOjkwMQ,直覺偏誤,1
VGFnOjM1OTI,欧洲化,1
VGFnOjIwMDI,新年回顾,0
VGFnOjMwNzM,友善書業合作社,1
VGFnOjQyMw,网络责任,1
VGFnOjI5MQ,Sketch,1
VGFnOjQzMzU,#台灣人覺醒,1
VGFnOjI2Mzk,丹佛邮报 ,1
VGFnOjE3MTA,鄉村,1
VGFnOjU3Mw,成都,1
VGFnOjI1OQ,人獸交,1
VGFnOjMyMjM,公民不服從,1
VGFnOjMwMjU,治理,1
VGFnOjI0NQ,山居生活,1
VGFnOjMwMTM,蝙蝠,1
VGFnOjMyMTY,黑社會,1
VGFnOjMwNDk,搜尋引擎,1
VGFnOjQ2OQ,柯p,1
VGFnOjEwNTM,台灣認同,0
VGFnOjMyNw,機場,1
VGFnOjI0MzU,背離親緣,1
VGFnOjY3MQ,小確幸,1
VGFnOjMxMDA,自指性,1
VGFnOjM2NDM,Psycho-Pass,1
VGFnOjE5OQ,眾議院,1
VGFnOjEwNTg,汶川地震 校难 公民调查,1
VGFnOjkxMg,饭圈,1
VGFnOjIy,本地化,1
VGFnOjQzMzQ,台灣人看世界,1
VGFnOjQ5,康乃馨革命,1
VGFnOjMwNzQ,大叔,1
VGFnOjMyODc,aragon,1
VGFnOjEzNjM,血汗工厂,1
VGFnOjE1ODA,我想说真话,1
VGFnOjE4MjI,时尚杂志,1
VGFnOjM0MTc,創新模式的產業平台--,1
VGFnOjM3Mg,職業工會,1
VGFnOjI1NTI,招人,1
VGFnOjY4Mg,能源政策,1
VGFnOjEzNTI,牧师,1
VGFnOjEyNjE,自由意志,1
VGFnOjMxMzc,科学伦理,1
VGFnOjI3ODQ,情緒,1
VGFnOjEwOTc,drinkingculture,1
VGFnOjcyNg,解放神学,1
VGFnOjQxMjc,流亡,1
VGFnOjM4MTc,沙文主义,1
VGFnOjQwODU,付費牆,1
VGFnOjk5MA,civil ,1
VGFnOjQzMzY,水怪少女的日常碎碎念,1
VGFnOjI3NQ,尼日利亞,1
VGFnOjI1NjU,激进思想,1
VGFnOjM1Mzc,地下铁路,1
VGFnOjMzNzc,星际文件,0
VGFnOjQwNw,找人,1
VGFnOjIxNzE,波登,1
VGFnOjk3MA,实名制,1
VGFnOjM2OA,去个性化,1
VGFnOjY3OA,汽车,0
VGFnOjMzMTc,BiMBA,1
VGFnOjMxMTE,QUEEN,1
VGFnOjU3NA,波士顿 ,1
VGFnOjE5NDg,王力雄,1
VGFnOjIzNDA,彞族諾蘇,1
VGFnOjIyMzc,中山大学,1
VGFnOjM0Nw,蘋果日報,1
VGFnOjM0Mzg,海洋垃圾,1
VGFnOjMzNDQ,主機推薦,1
VGFnOjE1OQ,亲情,1
VGFnOjE3ODg,稅務,1
VGFnOjEzMTk,@民族國家,1
VGFnOjMwOTg,公理化方法,1
VGFnOjMyODg,二次元,1
VGFnOjQxMDQ,编辑,1
VGFnOjE2NjQ,進步,1
VGFnOjI4MTI,hype,1
VGFnOjI5NDg,川金會,1
VGFnOjMzMDk,舞台劇,1
VGFnOjQwODQ,化讚為賞,1
VGFnOjIxNTc,不孕症,1
VGFnOjI1NjY,Rabelais,1
VGFnOjIzNjc,话术,1
VGFnOjEwNjg,宗教基本法草案 ,1
VGFnOjczNA,宪法,1
VGFnOjI2ODg,天堂,1
VGFnOjI2NDg,公有制,1
VGFnOjYyMQ,迷途羔羊,0
VGFnOjI2ODQ,Vietnam,1
VGFnOjI3OTg,免費商店,1
VGFnOjg4NA,用戶研究,1
VGFnOjIxMTc,思维方式,1
VGFnOjI4MDc,约旦,1
VGFnOjU1Nw,三峽,1
VGFnOjgx,北京打工子弟,1
VGFnOjM5Mw,Toronto,1
VGFnOjM4NQ,陸王,1
VGFnOjQwMjM,唱反调,1
VGFnOjExMzI,護照自由度,1
VGFnOjQwMjU,娜塔莉·维恩,1
VGFnOjI5MDc,天下雜誌,1
VGFnOjQxODU,Rachel McAdams,1
VGFnOjQzMzc,美国大选2020,1
VGFnOjM5MjQ,服務設計,1
VGFnOjQwNTc,贫困,1
VGFnOjM3NTc,malegaze,1
VGFnOjQxNzk,國家劇院,1
VGFnOjI4OTU,私影像,1
VGFnOjI5MzA,疯狂的亚洲富人,1
VGFnOjQxODM,違命,1
VGFnOjQxODY,Rachel Weisz,1
VGFnOjMzOTA,digital marketing,1
VGFnOjQwNTQ,对比,1
VGFnOjQxODI,父親,1
VGFnOjMxMzE,myVideo,1
VGFnOjE2ODY,淡水,1
VGFnOjQxNzc,David Hare,1
VGFnOjQxNzg,Bill Nighy,1
VGFnOjM5MjU,社會福利,1
VGFnOjU2Nw,社保,1
VGFnOjEwNjY,圖像記憶,1
VGFnOjIxMDA,神隱少女,1
VGFnOjM5NQ,人文,1
VGFnOjMzODY,葛兰运动,1
VGFnOjQxNzY,NTLIVE,1
VGFnOjI3NzY,國學,1
VGFnOjMxMDE,自玄性,1
VGFnOjQ1Nw,消費降級,1
VGFnOjE1NTA,黑色星期五,1
VGFnOjEzNjI,网络暴力,1
VGFnOjEwNzI,优秀的绵羊,1
VGFnOjMzOTY,傳記,1
VGFnOjMzMzI,幽默,1
VGFnOjUzNA,文化資產,1
VGFnOjEzODU,Gender discrimination,1
VGFnOjI1Mzg,農村,1
VGFnOjU1OA,客家,1
VGFnOjIyODQ,習慣,1
VGFnOjM2MTU,Feedly,1
VGFnOjcwMg,傑出公民,0
VGFnOjY0MQ,禮貌,1
VGFnOjMxMjk,龙泉寺,1
VGFnOjc2Nw,家庭娛樂,1
VGFnOjMwMzU,粉丝 ,1
VGFnOjY5MQ,機車,1
VGFnOjM2Mjc,二手書店  ,1
VGFnOjMwMTE,助盲,1
VGFnOjEzNzY,通证经济,1
VGFnOjY3Ng,烏克蘭,1
VGFnOjYzMg,會計師,1
VGFnOjIzMzA,泛左翼,1
VGFnOjM5ODQ,長者,1
VGFnOjM2NjI,医生,1
VGFnOjMzMDU,电商,1
VGFnOjQwMjQ,左派宣传者,1
VGFnOjM4MjM,弗雷德·特纳,1
VGFnOjM4MjE,特德·纳尔逊,1
VGFnOjM4MjU,《数字乌托邦》,1
VGFnOjM4MTg,司馬庫斯,1
VGFnOjM4MjI,《滚石》,1
VGFnOjM4MjY,西摩尔·派普特,1
VGFnOjQwNTY,中国农村,1
VGFnOjM4Mjc,Logo,1
VGFnOjM5ODM,就業,1
VGFnOjM4MjQ,威权主义,1
VGFnOjQwNTU,信息,1
VGFnOjQxODQ,Disobedience,1
VGFnOjQwODY,開放授權,1
VGFnOjM4NzI,育儿,1
VGFnOjQxODA,theatre,1
VGFnOjQxODE,peeping tom,1
VGFnOjE3Mzc,維吾爾族,1
VGFnOjI4MzM,香港獨立電影,1
VGFnOjI5OTg,荡妇羞辱,0
VGFnOjExNw,征集,1
VGFnOjY3NQ,公民意识,1
VGFnOjM2Nzc,封杀,1
VGFnOjQyMjE,導遊,1
VGFnOjM4NzY,教师,1
VGFnOjM4NzM,校园信息化,1
VGFnOjM5Mjc,#漫畫,1
VGFnOjM4NzU,补课,1
VGFnOjM5Mjg,同温层,1
VGFnOjQzMzg,返送中,0
VGFnOjM3NjE,烹飪,1
VGFnOjQyNzY,六九,1
VGFnOjMwMjA,Malaysia,1
VGFnOjM3NjY,妇女参政论者,1
VGFnOjQyNzg,抗爭者,1
VGFnOjQyNzc,民主運動,1
VGFnOjQxMDU,Bluehost,1
VGFnOjQzNDE,魔法,1
VGFnOjM5ODU,外貌凝视,1
VGFnOjQzNDU,考证,1
VGFnOjQyNzk,異見,1
VGFnOjQxMjk,学生运动,1
VGFnOjQzNDY,性癖,1
VGFnOjQzNDQ,希腊语,1
VGFnOjQzNDA,Wicca,1
VGFnOjQzMzk,卡巴拉,1
VGFnOjQzNDc,エリ,1
VGFnOjQzNDM,道法,1
VGFnOjQzNDI,科儀,1
VGFnOjI5MzQ,消费者运动,1
VGFnOjMzMTM,共同體驗,1
VGFnOjE2MTI,通信,1
VGFnOjQxODk,真理,1
VGFnOjQxODc,後網絡時代,1
VGFnOjQzNDg,ubuntu,1
VGFnOjQxMDk,硬起來,1
VGFnOjQxMTA,物哀,1
VGFnOjM4MzA,中国皇帝故事,1
VGFnOjQxMDY,吳儀,1
VGFnOjQxMDg,劉鶴,1
VGFnOjQxODg,伏,1
VGFnOjQxMTI,大西克禮,1
VGFnOjQxMDc,不平等條約,1
VGFnOjQxMTE,本居宣長,1
VGFnOjM2Nzk,杂,1
VGFnOjM5MzA,字花,1
VGFnOjM5MzE,聖經,1
VGFnOjQzNDk,和理非,1
VGFnOjM5ODg,蝗蟲,1
VGFnOjQyMjQ,摸魚兒,1
VGFnOjQyMjU,峰狂音樂,1
VGFnOjQyMjM,辛棄疾,1
VGFnOjQyMjI,怪獸,1
VGFnOjQyODA,民意調查,1
VGFnOjQyMjY,多媒體廢作人,1
VGFnOjQxMzA,音频,1
VGFnOjQxMTQ,書生百用,1
VGFnOjQzNTA,勇武,1
VGFnOjM5MzY,社會對話,1
VGFnOjQwNjM,付费墙,1
VGFnOjM5MzQ,台灣公民陣線,1
VGFnOjQxOTM,弒母,1
VGFnOjM5Mzg,台灣主權,1
VGFnOjM5Mzk,煽惑,1
VGFnOjQyODM,攻擊,1
VGFnOjM5NDA,妨擾,1
VGFnOjM5MzM,陳情書,1
VGFnOjM5MzU,黨內初選,1
VGFnOjQyODE,連續殺人,1
VGFnOjQxMTU,Lisbon,1
VGFnOjQyODI,精神病態,1
VGFnOjIwMzY,有限理性,1
VGFnOjQ1NA,华语语系文学,1
VGFnOjgyOA,歌路营,1
VGFnOjE2MDM,公益诉讼,1
VGFnOjQwMDA,圈地运动,1
VGFnOjQwMjY,古物,0
VGFnOjQxMTY,近日,1
VGFnOjM5OTM,王行坤,1
VGFnOjM4MzM,旅行中的職涯練習,1
VGFnOjM4MzI,保險,1
VGFnOjM5OTI,社畜保健所,1
VGFnOjQyMjc,活動筆記,1
VGFnOjQwODg,極短篇,1
VGFnOjM4MzE,智慧合約,1
VGFnOjM5OTA,二七厂,1
VGFnOjM5OTg,黑洞照片,1
VGFnOjM5OTE,书写建筑工作室,1
VGFnOjM5OTU,社畜,1
VGFnOjQxOTU,選前造勢,1
VGFnOjM5OTY,社畜史,1
VGFnOjM5ODk,长辛店,1
VGFnOjQxMTg,書寫,1
VGFnOjQxMzE,哥斯拉,1
VGFnOjM5OTQ,雇佣劳工,1
VGFnOjQxMTc,Summerbud,1
VGFnOjE0MDM,智能音箱,1
VGFnOjQwNjQ,虚拟助理,1
VGFnOjM4MzQ,消費者,1
VGFnOjQwMDE,廣東話意譯本,1
VGFnOjQwODk,七一,1
VGFnOjM4Nzc,人生选择,1
VGFnOjM5NDE,周保松,1
VGFnOjk1,K-12,1
VGFnOjE5MDg,利物浦,1
VGFnOjMxNjM,中国人民大学那些龌龊事,1
VGFnOjQwMjk,Soylent,1
VGFnOjM4MzU,SITCON,1
VGFnOjM2ODE,柯粉,1
VGFnOjQwMzA,肠道菌群,1
VGFnOjQwMjc,若饭,1
VGFnOjQwOTA,多样性,1
VGFnOjM4Nzk,柏林电影节,1
VGFnOjQxOTY,臉書幣,1
VGFnOjM4ODE,司法互助,1
VGFnOjQwNjU,剩食,1
VGFnOjQwNjc,食物回收,1
VGFnOjM4ODI,獻媚,1
VGFnOjQwNjY,食物浪費,1
VGFnOjQzNTM,精神醫療,0
VGFnOjQzNTI,關懷訪視員,0
VGFnOjM3Njg,BitTorrent,1
VGFnOjM4Mzc,互动戏剧,1
VGFnOjM4MzY,Quantic Dream,1
VGFnOjIwNA,夜生活,1
VGFnOjQ4,甜味人間,1
VGFnOjQwMDM,Dealing in Desire,1
VGFnOjM5NDI,Blogger,1
VGFnOjM4ODM,未来,1
VGFnOjQwMDc,资本运动,1
VGFnOjQyODU,dance,1
VGFnOjQwMDU,自主性,1
VGFnOjQwMDQ,道义经济,1
VGFnOjQwMDY,房地产市场化,1
VGFnOjQyODQ,tate,1
VGFnOjQwMDI,越南性产业,1
VGFnOjQzNTQ,鹿就是這樣變成馬的,1
VGFnOjQzNTY,我們也許相遇,1
VGFnOjQzNTU,李夏苹,1
VGFnOjQxOTg,西環治港,1
VGFnOjQyMDA,競爭及反壟斷,1
VGFnOjM4ODQ,咪蒙,1
VGFnOjQyMDM,國家意志,1
VGFnOjQxOTk,韋斯特嘉,1
VGFnOjQyMDU,Margrethe Vestager,1
VGFnOjQyMDE,人民意志,1
VGFnOjQxMzc,翻牆,1
VGFnOjQyMDQ,歐盟專員,1
VGFnOjQyMDI,國臉,1
VGFnOjQzNTc,吳敦義,1
VGFnOjQyMjk,中本聰,1
VGFnOjQyODc,面具,1
VGFnOjQyODg,小鹿斑比,1
VGFnOjMwOTc,未来哲学,1
VGFnOjE5NzE,智能手机,1
VGFnOjQxMzU,Game of Thrones,1
VGFnOjI2NzA,H型高血压,1
VGFnOjQxMzg,無障礙,1
VGFnOjQxMzY,網路自由,1
VGFnOjQzNTg,世界,1
VGFnOjM2ODM,刊社,1
VGFnOjM2ODQ,cancel.news,1
VGFnOjQwMzE,跨境報道,1
VGFnOjQzNjA,智利,1
VGFnOjQwMzY,羅爾斯,1
VGFnOjM2ODg,受虐,1
VGFnOjM3NzM,专访,1
VGFnOjQwMzQ,商城制,1
VGFnOjQyMzE,Mac Pro,1
VGFnOjQwMzM,监狱里的女犯,1
VGFnOjEwMTI,文艺电影,1
VGFnOjQwMzU,課金遊戲,1
VGFnOjE3OA,,1
VGFnOjM2OTE,电影  农村   放映员,1
VGFnOjM2ODk,恶洞,1
VGFnOjEyNTI,一件小事,1
VGFnOjM5NDc,Pokémon GO,1
VGFnOjEyOTk,老龄化,1
VGFnOjI5MDQ,OFW，移工，菲律賓，外勞，菲傭，新南向，GDP,1
VGFnOjM5NDY,一起来捉妖,1
VGFnOjM4ODU,需求,1
VGFnOjEzNjg,minority,0
VGFnOjIwMDg,Poll,1
VGFnOjQzNjE,五毛党,1
VGFnOjMzNDM,主機評測,1
VGFnOjM2OTQ,中專生   逃跑   售樓  愛情,1
VGFnOjQyMzY,寓言,1
VGFnOjQyMzI,ACSM,1
VGFnOjM2OTM,市场  衰落  农民  ,1
VGFnOjM2OTY,香港    写作  非虛構寫作 特稿,1
VGFnOjQyMzU,運動處方箋,1
VGFnOjM2OTc,九龍塘  貿易戰  《巴黎燒了嗎？》,1
VGFnOjM3NzY,#教育,1
VGFnOjQyMzQ,高血糖,1
VGFnOjM3Nzc,#台灣,1
VGFnOjQzNjI,兔兔和天使医师,1
VGFnOjM2OTg,音乐与人类学,1
VGFnOjEzMTM,身份认同,1
VGFnOjQxNTA,防彈少年,1
VGFnOjQxNTE,BTS,1
VGFnOjQxNDA,所罗门的伪证,1
VGFnOjQxNDI,庆祝无意义,1
VGFnOjQxNDE,米兰·昆德拉,1
VGFnOjQzNjQ,國民性,1
VGFnOjQzNjM,垃圾分類,1
VGFnOjQxMzk,宫部美雪,1
VGFnOjM3MDI,胡波,0
VGFnOjM3MDA,金馬奬,0
VGFnOjEyNDI,youtuber,1
VGFnOjQzNjU,動力,1
VGFnOjQyOTM,系統思考,1
VGFnOjQyOTI,問題解決,1
VGFnOjE5MjU,烈日帝國,1
VGFnOjE4MjU,玖樓,1
VGFnOjMyNjM,乡村 高铁 少年,0
VGFnOjU3MQ,宅世代,1
VGFnOjExMzg,網路書籤,1
VGFnOjM3MDQ,women's liberation,1
VGFnOjQwMTQ,《雁鸣湖畔》,1
VGFnOjM4NDM,Vice,1
VGFnOjM3ODE,分佈式網絡,1
VGFnOjM3MDY,賽伯格,1
VGFnOjM3MDM,3·8妇女节,1
VGFnOjI0MzY,APP,0
VGFnOjQwMTE,农村合作医疗,1
VGFnOjM4NDI,為副不仁　,1
VGFnOjQyNDI,橫漂,1
VGFnOjQyMzc,蘭嶼,1
VGFnOjE3MzY,用戶體驗研究,1
VGFnOjQxNTQ,UX design,1
VGFnOjM4NDQ,行政一體化理論　,1
VGFnOjM4NDU,切尼,1
VGFnOjM5NDk,蘇珊桑塔格,1
VGFnOjQyMDc,FAQ,1
VGFnOjQyNDg,九龍城,1
VGFnOjM4ODc,公民調查,1
VGFnOjQyMDY,网络安全,1
VGFnOjQyNDE,橫店,1
VGFnOjQwMTA,赤脚医生,1
VGFnOjQwMTM,《春苗》,1
VGFnOjQwMTI,《红雨》,1
VGFnOjQyNDA,民族誌,1
VGFnOjQyNDc,左翼憂鬱,1
VGFnOjQyNDU,啃老,1
VGFnOjQyOTQ,維基百科 ,1
VGFnOjQyNDY,繭居,1
VGFnOjQxNDU,英雄叙事,1
VGFnOjQyNDM,影視,1
VGFnOjQyMzg,田野筆記,1
VGFnOjQxMTk,DSE,1
VGFnOjQyNDQ,過年,1
VGFnOjQyMzk,都市原住民,1
VGFnOjQxNTc,宅男的人间冒险,1
VGFnOjQzNjY,沉默大多數,1
VGFnOjM4OTE,文学梦,1
VGFnOjQyMDg,游戏成瘾,1
VGFnOjM4OTA,悼念一位早逝的叔叔,1
VGFnOjQwNjk,DeFi,1
VGFnOjM4OTI,单恋伤痕,1
VGFnOjQxNDY,性取向,1
VGFnOjQxNTY,粪 game,1
VGFnOjQxNTU,排版,1
VGFnOjQwOTI,紀律,1
VGFnOjMwNjA,iOS,1
VGFnOjEzMzI,维权律师,1
VGFnOjE1NzI,中元節,1
VGFnOjExMDY,士紳化,1
VGFnOjQyOTk,Xbox,1
VGFnOjQyOTU,E3（电子游戏展）,1
VGFnOjQxNTg,blogging,1
VGFnOjM3MDg,绝食,1
VGFnOjQyOTg,Square Enix,1
VGFnOjQyOTc,贝塞斯达,1
VGFnOjQyOTY,任天堂,1
VGFnOjcyNQ,傳統字漢語,1
VGFnOjE3ODE,懷孕,1
VGFnOjIxNDk,trend ,1
VGFnOjQzMDQ,自救指南,1
VGFnOjM3MDk,美国 贫富差异 低收入 非洲裔 华盛顿,1
VGFnOjQxNTk,中港矛盾,1
VGFnOjM4NDY,人類發展,1
VGFnOjQwOTQ,記得忘記,1
VGFnOjQyNTA,活在當下,1
VGFnOjM4OTQ,加班,1
VGFnOjEyMzE,习惯,1
VGFnOjQzMDA,非致命性武器,1
VGFnOjMyMDQ,文明,1
VGFnOjQzMDM,法律实务,1
VGFnOjM4OTM,對話與交流,0
VGFnOjE5OTA,随记,1
VGFnOjI1MDQ,進步派,1
VGFnOjM3MTE,剧本,1
VGFnOjI5NDM,Music,1
VGFnOjM3ODQ,普通生活 ,1
VGFnOjM3ODM,雲計算,1
VGFnOjM3MTA,兩會,1
VGFnOjM5NTE,癌症,1
VGFnOjM4OTU,吳明益,1
VGFnOjQyNTE,媒體禮節,0
VGFnOjQzNjc,萬芳,1
VGFnOjQzNjg,LiveHouse,1
VGFnOjQyNTQ,洗腦,1
VGFnOjM3MTU,非婚生育  ,1
VGFnOjQyNTM,麻原彰晃,1
VGFnOjQyNTI,邪教,1
VGFnOjQyNTU,盧斯達,1
VGFnOjE3MA,歐洛克,1
VGFnOjQxMjA,水果,1
VGFnOjM3ODY,物理学,1
VGFnOjQxNDc,歐洲,1
VGFnOjM5NTI,頭條新聞,1
VGFnOjM4NDc,同温層,1
VGFnOjEyNTQ,审查,1
VGFnOjE3Mg,中超,1
VGFnOjM3MTc,恐怖情人,1
VGFnOjM3MTY,知乎,1
VGFnOjQxNjI,田壯壯,1
VGFnOjQzMDU,Frances Hui,1
VGFnOjM4NDg,國家,1
VGFnOjQyMDk,难民,1
VGFnOjQzMDY,香港人,1
VGFnOjQxNjE,華語電影,1
VGFnOjQyMTA,類型電影,1
VGFnOjQ5Mg,@文學 ,1
VGFnOjc1NQ,小農經濟,1
VGFnOjIwODA,棟篤笑,1
VGFnOjM3MTk,女性健康,1
VGFnOjQxNjM,聆聽,1
VGFnOjQwNzE,五四運動 ,1
VGFnOjQwNzM,當代中國,1
VGFnOjM3MjE,旧文,1
VGFnOjQwNzI,新文化運動,1
VGFnOjM3ODc,Stadia,1
VGFnOjQzNzA,許冠文,1
VGFnOjM5NTQ,劳工权益,1
VGFnOjQzNjk,一路順風,1
VGFnOjQxNDk,青春期,1
VGFnOjQwMTY,世纪辩论,0
VGFnOjMzOTc,蘋果,1
VGFnOjQwOTU,有聲書 ,0
VGFnOjQyNTY,物,1
VGFnOjM5NTc,同人,1
VGFnOjQxNjQ,years and years,1
VGFnOjM5NTg,年青化,1
VGFnOjQxNjU,未来岁月,1
VGFnOjM2Mzg,愛國主義,1
VGFnOjQwNzQ,五四百年,1
VGFnOjQwOTY,楊德昌,1
VGFnOjM3ODk,口岸,0
VGFnOjM3OTA,中港关系,0
VGFnOjQwMzg,劳动者,1
VGFnOjQwNzY,娜拉,1
VGFnOjM4OTg,虛擬主機比較,1
VGFnOjM5NTk,觀察筆記,1
VGFnOjM4OTY,虛擬主機推薦,1
VGFnOjM4OTc,虛擬主機費用,1
VGFnOjQzMDc,歷史在場,1
VGFnOjQwMzc,五一劳动节,1
VGFnOjQwMzk,996.ICU,1
VGFnOjQwNzU,五四遺產 ,1
VGFnOjQwNzc,现代主义,1
VGFnOjQxMjE,95后,1
VGFnOjQzMDg,悲情,1
VGFnOjM4NDk,巴克明斯特·富勒,1
VGFnOjQwNzg,茶餐廳,1
VGFnOjI0MDU,賴清德,1
VGFnOjM4NTA,《花花公子》,1
VGFnOjQxNjY,kindle,1
VGFnOjM5NjA,杂感,1
VGFnOjQwNzk,街頭,1
VGFnOjQyMTM,嚴歌苓,1
VGFnOjQyNTc,女博士,1
VGFnOjMzODg,嘻哈,1
VGFnOjE5ODY,遊戲實況,1
VGFnOjI2NjE,製造業,1
VGFnOjMyNg,安寧療護 ,1
VGFnOjQyMTU,瞪鞋搖滾,1
VGFnOjM5NjE,日本今日頭條,1
VGFnOjM0MTg,嘔心瀝血,1
VGFnOjM1NDY,沙里亚,1
VGFnOjM1ODI,更新,1
VGFnOjE2NTM,小偷家族,1
VGFnOjQwNDA,信息战 ,1
VGFnOjQyMQ,愛滋,1
VGFnOjM3,風度,1
VGFnOjE2MjE,勞動節,1
VGFnOjMxNw,无,1
VGFnOjIxNQ,潛能,1
VGFnOjIyNDY,沙田,1
VGFnOjQyMTQ,演唱會,1
VGFnOjE3OTU,kreuzberg,1
VGFnOjI5MjA,高爾泰,1
VGFnOjkzNQ,lesmis,1
VGFnOjMxMjY,alexa,1
VGFnOjE2MTM,影前導覽,1
VGFnOjgxOA,博一生活碎碎念,1
VGFnOjEyMDM,失败,1
VGFnOjI0NTk,消费降级,1
VGFnOjYyNQ,公共生活；高牆與蛋；自由；知識份子,1
VGFnOjQzMg,转载,1
VGFnOjUxOQ,金曲獎,1
VGFnOjI1MDc,無臉男,1
VGFnOjI3MTU,甲醛超标,1
VGFnOjIyNzY,珠海,1
VGFnOjMzNzY,景观,1
VGFnOjU5Mw,当代,1
VGFnOjM0MA,地厚天高,1
VGFnOjc4OQ,barcamp,1
VGFnOjE5NDQ,这也行,1
VGFnOjI2OTU,紅盒子,1
VGFnOjU,下町,1
VGFnOjQ2Mg,捐血,0
VGFnOjQ3NQ,教师节,1
VGFnOjcxOQ,新聞眾籌,1
VGFnOjMxMTI,价值观,1
VGFnOjM1MjU,The Punisher,1
VGFnOjE3MDU,Musk,1
VGFnOjg2OQ,性别气质,1
VGFnOjIwMzc,報導文學,1
VGFnOjM3OTQ,痛点,1
VGFnOjE0NDk,Idealization,1
VGFnOjE0NTA,HIV,1
VGFnOjE4Mjg,赫爾辛基,1
VGFnOjY0Mg,父权,1
VGFnOjMyNTE,官场,1
VGFnOjIxMDE,信用卡,1
VGFnOjM0MTE,HTTPS,1
VGFnOjI0MTY,剑桥学派,1
VGFnOjIwMTI,繼承,1
VGFnOjEwODI,marijuna,1
VGFnOjU5Ng,酒店,1
VGFnOjI0ODE,黑金政治   美国政治  特朗普,1
VGFnOjI2ODA,李宁,1
VGFnOjMwOTE,災害管理,1
VGFnOjIwNzA,商品测试,1
VGFnOjIxOTk,周琦,1
VGFnOjE4NTM,音乐治疗,1
VGFnOjM1MDM,吴虹飞,1
VGFnOjI0MDE,張忠謀,1
VGFnOjE0MDc,忆往昔,1
VGFnOjMyMzE,杜家祁,1
VGFnOjQ3NA,財務三表,1
VGFnOjIzNzU,近現代史,1
VGFnOjEyMTk,汙染,1
VGFnOjg1MQ,野青眾,1
VGFnOjgz,參與觀察,1
VGFnOjE4Nzg,社會責任,1
VGFnOjMyNjc,世界体系 ,1
VGFnOjExOTQ,信息获取,1
VGFnOjM0OTA,心情,1
VGFnOjMzNDE,霸王別姬,1
VGFnOjI1Njg,University,1
VGFnOjQ0NA,转基因,1
VGFnOjkzOA,工人運動,1
VGFnOjQ1OQ,p2p,1
VGFnOjMwNTU,food safety,1
VGFnOjMwODk,SEO工具,1
VGFnOjEzOTQ,地熱,1
VGFnOjI3MTA,DIY,1
VGFnOjM0Ng,月经,1
VGFnOjE1MDk,北大校庆,1
VGFnOjE5MTM,8964,1
VGFnOjg0Mw,機師,1
VGFnOjEzNzM,托克维尔,1
VGFnOjM3MjU,黑色幽默,0
VGFnOjM3MjY,疯狂外星人,0
VGFnOjQxNjc,Pad Thai,1
VGFnOjM3MjQ,宁浩,0
VGFnOjIwMzE,世界遺產,1
VGFnOjE1Njc,gap year,1
VGFnOjI1MTY,Po.et,1
VGFnOjI4NzE,推薦,1
VGFnOjMwMzE,打壓,1
VGFnOjE3MjU,港台外判,1
VGFnOjMwNTc,大象公会,1
VGFnOjI3MDA,凌晨,0
VGFnOjEyMDA,中南部水災,1
VGFnOjI3ODI,安華,1
VGFnOjM1ODg,精神病,0
VGFnOjM2NTY,joel隨便吃吃,1
VGFnOjM4NTE,致命中國,1
VGFnOjE0Nzk,岩井俊二,1
VGFnOjIxMzM,pchome商店街,1
VGFnOjQwOA,Judith Butler,1
VGFnOjE0Mzc,回教,1
VGFnOjI1MTc,政治獻金,1
VGFnOjM0Mzk,馬丁路德金恩,1
VGFnOjMyNDE,女友,1
VGFnOjIyNDA,懶人包,1
VGFnOjMyNA,专制,0
VGFnOjEy,洋垃圾,1
VGFnOjEzMDg,话语权,1
VGFnOjE3NDQ,耕者有其田,1
VGFnOjI2OTg,空間規劃,1
VGFnOjE1ODQ,日記,0
VGFnOjMzOTE,數碼營銷,1
VGFnOjEyNDM,知識份子論,1
VGFnOjQ0Mg,Catfish,1
VGFnOjM2NTA,基本工資,1
VGFnOjI0MjA,托育政策,1
VGFnOjUxMg,français ,1
VGFnOjI5Nzc,電影音樂,1
VGFnOjU2Mw,责任,1
VGFnOjI1MzQ,反证法,1
VGFnOjM1Njk,301重定向,1
VGFnOjM3Mjc,反乌托邦,1
VGFnOjM3Mjg,美丽新世界,1
VGFnOjM5MDM,論文寫作,1
VGFnOjQzMDk,问卷,1
VGFnOjI4NjY,拆迁,1
VGFnOjM1NjE,新年,1
VGFnOjE3MTg,世外小学生遇难,1
VGFnOjg4Mg,懷舊,1
VGFnOjE1NzM,县城,1
VGFnOjI1ODk,Vivian Schiller,1
VGFnOjQxNjg,原创,1
VGFnOjIyNjc,童書,0
VGFnOjgxNQ,感知经验,1
VGFnOjEzODg,穩定幣,1
VGFnOjE3Nzc,危機公關,1
VGFnOjgzOA,網路叫車,0
VGFnOjIyMjk,中亚,1
VGFnOjM4Mg,Everipedia,1
VGFnOjM0MzM,有感而发,1
VGFnOjI4OTA,一胎化,1
VGFnOjM1MjQ,Marvel,1
VGFnOjIwMzI,童心力,1
VGFnOjQxNjk,单曲,1
VGFnOjI1NTc,忏悔录,1
VGFnOjMxNTk, 匿名瀏覽,1
VGFnOjg4Mw,留學,1
VGFnOjI3,數位技能,1
VGFnOjE4MDI, Ingmar Bergman,1
VGFnOjIyMjE,宣传,1
VGFnOjEyNzM,假設驗證,1
VGFnOjE1NDY,公知 ,1
VGFnOjI0MTQ,转型,1
VGFnOjI2NTk,斷交,1
VGFnOjM0ODQ,抗議,1
VGFnOjI5Mg,外賣,1
VGFnOjIxNDc,存在主义 ,1
VGFnOjQwNQ,公務員,1
VGFnOjc0NQ,酒館,1
VGFnOjEzNw,打工,1
VGFnOjI4Mzg,父母,1
VGFnOjI3NTA,足立正生,1
VGFnOjI0Mzc,築地市場 ,1
VGFnOjQwNDM,女神异闻录,1
VGFnOjQzMTA,互信,1
VGFnOjM5NjM,时尚品牌,1
VGFnOjQxMjI,世代對話,1
VGFnOjQwNDI,Atlus,1
VGFnOjM3OTU,编故事,1
VGFnOjI3MzM,心理治療,1
VGFnOjQ4Ng,Hellovietnam,1
VGFnOjM3OTc,民族问题,1
VGFnOjE4NDU,部落,1
VGFnOjE1NDE,非典型勞動,1
VGFnOjIxMjE,勞資會議,1
VGFnOjYyMA,中華職棒,1
VGFnOjE1Mzk,鐵路高架化,1
VGFnOjM2NDQ,書單,1
VGFnOjMzNTU,传销,1
VGFnOjEwNzY,闲话,1
VGFnOjM1MTY,社會服務,1
VGFnOjM4NA,認知偏差,1
VGFnOjM1MDA,賴佳翎,1
VGFnOjI2NTg,新人發帖,1
VGFnOjI0NDc,波拉尼奥,1
VGFnOjIzNDI,水力發電,1
VGFnOjMyMDc,基因编辑,1
VGFnOjMxNDE,南洋,1
VGFnOjI4MjI,坎城影展,1
VGFnOjQ1Mg,美中關係,1
VGFnOjEzNTE,评书,1
VGFnOjMxNzg,就业性别歧视,1
VGFnOjI4NQ,新聞產品,1
VGFnOjI5MzM,Knowledge ,1
VGFnOjE0NA,區域化,1
VGFnOjM1NzE,西班牙,1
VGFnOjk1Mw,亚裔,1
VGFnOjEzNzk,孩子的書屋,1
VGFnOjE2NjE,達沃斯,1
VGFnOjMzODk,簡介,1
VGFnOjExOTU,The Handmaid's Tale,1
VGFnOjU0OA,茨威格,1
VGFnOjM5MDI,寫作的技藝,1
VGFnOjI5MjM,潘鸣啸,1
VGFnOjEzMA,错误,1
VGFnOjQwMTc,极简主义,1
VGFnOjM1NDg,葡萄酒,1
VGFnOjE4Mw,黑水,1
VGFnOjM0MTk,TWCID,1
VGFnOjIwNDE,《游隼》,1
VGFnOjE0MjE,中華台灣,1
VGFnOjEwMzA,宇宙史,1
VGFnOjI0OTQ,廣州,1
VGFnOjI3MDg,也談國民黨,1
VGFnOjMyMzg,付费,1
VGFnOjc1Nw,衛戍國家,1
VGFnOjM1Mjc,國歌法,1
VGFnOjIxNjM,無緣社會,1
VGFnOjU5Mg,隔离,1
VGFnOjM1NzQ,大學校名,1
VGFnOjk2Mw,吐槽,1
VGFnOjM0Njk,乡村,1
VGFnOjEzNjA,Internet violence,0
VGFnOjkxNg,黃國昌,1
VGFnOjM1MTg,病人自主權利法,1
VGFnOjMyNDU,蕭紅,1
VGFnOjE0Nw,迫遷,1
VGFnOjM0MTU,田園城市,1
VGFnOjU5OA,法律行动,1
VGFnOjI4MjA,福島,1
VGFnOjM0OTc,百年人生 ,1
VGFnOjMwMDA,美術館,1
VGFnOjIzMDk,胡言乱语,1
VGFnOjM1MDY,摇滚,1
VGFnOjQzMQ,世界杯,1
VGFnOjI5MDk,合作松,1
VGFnOjIwNDM,熬夜,0
VGFnOjE4NTc,金棕櫚獎,1
VGFnOjI0MzE,牟宗三,1
VGFnOjM0NDI,俄国,1
VGFnOjE4NjE,likecoin,1
VGFnOjI3ODE,极权政治,1
VGFnOjE3ODc,法西斯,1
VGFnOjIyOQ,风险投资,1
VGFnOjEyNzI,林徽因,1
VGFnOjU2MQ,Culture,1
VGFnOjExMjE,泰国沉船,1
VGFnOjEyNA,德文,1
VGFnOjEyNzc,程序正义,1
VGFnOjM1ODQ,大历史,1
VGFnOjk3NQ,censorship,0
VGFnOjkwNg,產品經理,1
VGFnOjc4MA,封山禁海政策,1
VGFnOjI4NzQ,德国,1
VGFnOjM0NzM,SendPulse,1
VGFnOjIxMzE, 中國因素,1
VGFnOjM2MzY,野生动物保护,1
VGFnOjE4NDY,tips,1
VGFnOjE2MDE,地區工作,1
VGFnOjQyMTY,理想主义,1
VGFnOjE0NzQ,中華台北,1
VGFnOjI3MjY,派對,1
VGFnOjExNzA,多元智能,1
VGFnOjEyNTU,公共空间,1
VGFnOjM5NjU,社會主義,1
VGFnOjky,專法,1
VGFnOjIyMg,分享,1
VGFnOjM2NDk,github,1
VGFnOjE3NA,政權,1
VGFnOjE0OTQ,我想活在真實中,0
VGFnOjEwMzU,自如出租房,1
VGFnOjE2MTg,留學生,1
VGFnOjM5NjQ,復仇者聯盟,1
VGFnOjM2MjE,共产主义,1
VGFnOjIzMTc,扇形車庫,1
VGFnOjI0MzQ,瑞克和莫蒂,1
VGFnOjI0Nw,正當防衛,1
VGFnOjU2NA,湖畔大學,1
VGFnOjg0MA,侯友宜,1
VGFnOjI3OTQ,剥削,1
VGFnOjI4NDE,歐洲電影,1
VGFnOjM0NjQ,弱者,1
VGFnOjI4MDk,癌症健康,1
VGFnOjIxMzk,產業發展,1
VGFnOjY,人類史,1
VGFnOjg0,分眾,1
VGFnOjkzMg,Lifeway,1
VGFnOjE2ODM,新聞誠信計畫,1
VGFnOjIwNjU,聊天機器人,1
VGFnOjMyNTA,时政,1
VGFnOjM1OTk,黑人,1
VGFnOjE1MzU,逃離主義,0
VGFnOjIwMTA,计算物理,1
VGFnOjM0MTI,mkcert,1
VGFnOjc5NA,中國婚戀觀,1
VGFnOjQyNTk,人格,1
VGFnOjQxNzE,國民教育,1
VGFnOjM0MjQ,哲學 中國文化,1
VGFnOjE2NDg,Harari,1
VGFnOjMzNzI,好習慣建立,1
VGFnOjEzNA,觀察力,1
VGFnOjE4MjM,傳統媒體,1
VGFnOjMxNDQ,物聯網,1
VGFnOjIwMTg,開放,1
VGFnOjU5MQ,劇評,0
VGFnOjI1NDU,雙戰結構,1
VGFnOjMxMzY,基因编辑婴儿,1
VGFnOjM0MjM,另类事实,1
VGFnOjM1NTk,改编,1
VGFnOjE2MzU,溫泉,1
VGFnOjE0NDA,应景,1
VGFnOjI0ODI,话题,0
VGFnOjc2NA,非基改,1
VGFnOjg0OQ,当代中国小说,1
VGFnOjEwMzI,工厂,1
VGFnOjc4OA,grant,1
VGFnOjExNzY,自由日,1
VGFnOjM0Mzc,人渣,1
VGFnOjM3OA,年终总结,1
VGFnOjIyODI,人民币,1
VGFnOjIwODU,手寫,1
VGFnOjk2OA,回憶,1
VGFnOjI3MzQ,波蘭,1
VGFnOjI4NDU,基改,1
VGFnOjM1MjA,特殊醫療請求權,1
VGFnOjEyNg,TLC,1
VGFnOjIwMTM,地方社會,1
VGFnOjM1NTc,BBC,1
VGFnOjI2NjU,生存状况,1
VGFnOjIzMDM,Jarrod Dicker,1
VGFnOjQwNDU,品牌,1
VGFnOjE3NzA,美術設計,1
VGFnOjEzNjc,人肉搜索,1
VGFnOjI3NTY,參與式預算,1
VGFnOjE0Mzg,邓小平,1
VGFnOjI1OTM,新人首問,0
VGFnOjMxODU,奇葩说,1
VGFnOjIyOTE,數位極權,1
VGFnOjQyMjA,健保,1
VGFnOjMyMTk,大抓捕,0
VGFnOjM1MDU,地球最后的夜晚,1
VGFnOjYwNQ,不可能的任務,1
VGFnOjM0NTY,张先痴,1
VGFnOjQxNw,美術,1
VGFnOjgxMQ,亞倫．雷奈,1
VGFnOjIxNzc,時間簡史,1
VGFnOjI4NjU,建议,1
VGFnOjEzMzk,民办学校,1
VGFnOjExOTA,參議院,1
VGFnOjMwMDQ,一千零一夜,1
VGFnOjU1Mw,耶誕,1
VGFnOjE5Nzk,土地產權,1
VGFnOjI4NTc,計算機,1
VGFnOjE3NjE,项目分析,1
VGFnOjE4Njg,LGBTI,1
VGFnOjE5Mzc,双雪涛,1
VGFnOjIyOTk,言論市場,1
VGFnOjI5NDA,流動兒童,1
VGFnOjExMzA,天賦,1
VGFnOjMyNTM,2018年北大校工访谈全记录,1
VGFnOjMwMDg,英瑪褒曼,1
VGFnOjMzMTY,MBA,1
VGFnOjI1Mjg,单身,1
VGFnOjI0NDU,立法院,1
VGFnOjUxNA,叙利亚,1
VGFnOjIzNTQ,Women's Rights,1
VGFnOjQwNDQ,公關,1
VGFnOjQyNjE,近視,1
VGFnOjQwOTc,市川準,1
VGFnOjQyMTk,open source,1
VGFnOjQwNDY,物价,0
VGFnOjQwNDc,健身房,0
VGFnOjQxNzI,集體心理,1
VGFnOjM0MDc,八卦,1
VGFnOjEzMjI,新自由主義,1
VGFnOjIxMDU,First Man,1
VGFnOjQwOTg,宮澤理惠,1
VGFnOjE4ODQ,XDite,1
VGFnOjI1NjE,食光机 ,1
VGFnOjE3NQ,類比,1
VGFnOjIzNDQ,負面壓力,1
VGFnOjE0MTU,网信办,1
VGFnOjEyMTM,国民党,1
VGFnOjMxNzM,測試,1
VGFnOjIwNDc,律师,1
VGFnOjE3MjE,上流,1
VGFnOjgw,歷史,1
VGFnOjMxMjI,自组织,1
VGFnOjM2MTk,獨木舟,1
VGFnOjIyNjI,cultureofcontrition ,1
VGFnOjMxMzU,未完成,1
VGFnOjI2Ng,中興大學,1
VGFnOjk4Nw,保卫社团,1
VGFnOjIxNzQ,數字易經,1
VGFnOjI4MDI,身心障礙 ,1
VGFnOjMwNjE,Michael Crichton,1
VGFnOjE2Mjk,C++,1
VGFnOjM0NDM,小游戏,1
VGFnOjM0Mjc,抄袭,1
VGFnOjkyOA,社區經濟,1
VGFnOjIyNzQ,文创,1
VGFnOjMwMA,割韭菜,1
VGFnOjE5NTI,逃北者,1
VGFnOjM0OTY,南美洲,1
VGFnOjEwMTg,劉慈欣,1
VGFnOjE5MzQ,如何做出一个牛轰轰的产品,1
VGFnOjM2NTM,记者手记,1
VGFnOjE2MzM,民主黨,1
VGFnOjQwOTk,上饶小学生被害,1
VGFnOjIzMg,科展,1
VGFnOjI2MTE,Progressive,1
VGFnOjg5Mg,鄭南榕,1
VGFnOjI2MjU,工人斗争,1
VGFnOjYwMw,film,1
VGFnOjIzNTM,勇敢的女孩子,0
VGFnOjMwMzM,代際衝突,1
VGFnOjExODE,班加罗尔 全球化,1
VGFnOjM1MzA,主体,1
VGFnOjcwMQ,城市化,1
VGFnOjI3MTk,數位典藏,1
VGFnOjExMjI,中國宗教,1
VGFnOjE5Nzg,九二共识,1
VGFnOjE4MzI,印度女权,1
VGFnOjIxOTE,饮用水,1
VGFnOjMyNDk,母女,1
VGFnOjMwMzQ,代际冲突,1
VGFnOjE0NzU,功能,1
VGFnOjMwNjU,币圈,1
VGFnOjM1MjE,戰後嬰兒潮 ,1
VGFnOjMzNzk,吸引力法則,1
VGFnOjM0MzI,太空,1
VGFnOjEwOA,台獨,1
VGFnOjIxMjQ,pms,1
VGFnOjM0NTg,幸存者文学,1
VGFnOjE0MDU,德州,1
VGFnOjE1NzU,高血压,1
VGFnOjE3NzY,彰化鐵路高架化,1
VGFnOjEwMjk,貿易保護,1
VGFnOjg2Mw,魔幻寫實,1
VGFnOjI4MTQ,第四權,1
VGFnOjE4MDY,香港建制派,1
VGFnOjI0ODA,動物戀,1
VGFnOjM2MzM,沉浸式體驗,1
VGFnOjYwOQ,startup,1
VGFnOjQyNjI,舊書,1
VGFnOjM3NDU,國際政經,1
VGFnOjM3NDM,中國海軍,1
VGFnOjM3MzQ,香港建築界,1
VGFnOjM3NDI,航空母艦,1
VGFnOjg5Ng,無政府主義,1
VGFnOjgyMg,旅游,1
VGFnOjEwNDk,全民國防,1
VGFnOjEyNzQ,craftbeer,1
VGFnOjI4MQ,街賣,1
VGFnOjQwMQ,檳城,1
VGFnOjU3MA,VAR,1
VGFnOjIx,港台新儒家,1
VGFnOjI3Mjk,md,0
VGFnOjExMzE,利维坦,1
VGFnOjEyOTY,几何,1
VGFnOjIwMjM,认识论,1
VGFnOjI3ODM,上访,1
VGFnOjUxNQ,偷渡,1
VGFnOjI5OTI,參與式藝術,1
VGFnOjI4MjM,原生家庭,1
VGFnOjg3OQ,梦想,1
VGFnOjI5Nzk,女性 ,1
VGFnOjI2MDU,宮崎駿,1
VGFnOjIxNzk,USDT,1
VGFnOjExMTg,馬來西亞 ,1
VGFnOjk1Mg,Anti-404,1
VGFnOjkyMw,未来学,0
VGFnOjcxMg,地方派系,1
VGFnOjIzMzk,科研造假,1
VGFnOjExODA,理性公民,1
VGFnOjMwMjY,世界秩序,1
VGFnOjI3NTM,成功,1
VGFnOjU3NQ,Flickr,1
VGFnOjg5MQ,Alain Resnais,1
VGFnOjM0OTE,宜居城市,1
VGFnOjcyOQ,新党,1
VGFnOjM3Mzk,頁岩氣,1
VGFnOjM3NDQ,中國戰鬥力,1
VGFnOjM3MzU,工程技術問題,1
VGFnOjM5Njc,香港哲學,1
VGFnOjE5NjY,少数派,1
VGFnOjI0OTc,分形,1
VGFnOjI0Mzg,Candy,1
VGFnOjIwMDQ,失眠,1
VGFnOjI0NTg,輕軌,1
VGFnOjMwMjc,登月第一人,1
VGFnOjEyNQ,blendle,1
VGFnOjE4MDA,失恋 ,1
VGFnOjE1,透視大馬,1
VGFnOjIzMjk,90後 ,0
VGFnOjE0NTg,亂世情人夢,1
VGFnOjE5NTg,量子力学,1
VGFnOjI1MjI,户外,1
VGFnOjIyNzA,曲棍球,1
VGFnOjIzNjM,英国王室,1
VGFnOjMxNA,長灘島,1
VGFnOjI5MjU,大眾媒體,1
VGFnOjQxOQ,新北市,1
VGFnOjI4ODY,新鮮人,1
VGFnOjEzNzQ,全球绝望青年,1
VGFnOjI4MA,爱因斯坦,1
VGFnOjE1Mjg,机器算法,1
VGFnOjMyNDI,公益创业,1
VGFnOjI2OTM,赤軍,1
VGFnOjM0MDg,關公,1
VGFnOjYyNA,天气,1
VGFnOjI3NjE,民生,1
VGFnOjcx,区块链  媒体   CIVIL  ,1
VGFnOjMxOTE,謝宇程,1
VGFnOjQ1OA,STS,1
VGFnOjM0MTA,SSL,1
VGFnOjE5ODI,許雅舒,1
VGFnOjEyODA,當代史,1
VGFnOjE0ODg,列賓,1
VGFnOjQ3OA,現金,1
VGFnOjM3NDE,煤轉油,1
VGFnOjM3Mzg,中國能源政策,1
VGFnOjM3NDA,騰籠換鳥政策,1
VGFnOjQwNDk,異鄉人,0
VGFnOjk5NQ,遊輪,1
VGFnOjEzODk,火星大冲,1
VGFnOjI0MjE,一窩蜂,1
VGFnOjMxMTU,工人,1
VGFnOjE3ODM,核武,1
VGFnOjM1NjA,世界系,1
VGFnOjI3NDY,婴儿信箱,1
VGFnOjI1NTY,歧視,1
VGFnOjE3,深圳,1
VGFnOjk1OA,道具,1
VGFnOjI0MQ,福建,1
VGFnOjEzMjA,消费者组织,1
VGFnOjk3NA,艾未未,1
VGFnOjEzMQ,罕见病,1
VGFnOjUzNw,自由，,1
VGFnOjQwNDg,器官移植,1
VGFnOjEwNjU,加沙,1
VGFnOjIyMTA,置入性行銷,1
VGFnOjI0OTk,新新浪潮,1
VGFnOjQxNzM,雜誌,1
VGFnOjE0MDg,理论物理,1
VGFnOjM2MDQ,电车问题,1
VGFnOjMzMDE,島嶼,1
VGFnOjMxMjg,特稿,1
VGFnOjU0MQ,林夕,1
VGFnOjIyMTk,審議式社會,1
VGFnOjcwNg,心理諮商,1
VGFnOjI3NTU,立委,1
VGFnOjE0OQ,Talent,1
VGFnOjExMDg,议事规则,1
VGFnOjM3NTA,集体主义,1
VGFnOjM3NDk,积极自由,1
VGFnOjM3NDg,消极自由,1
VGFnOjE0ODc,民俗,1
VGFnOjQ0OQ,社群丼,1
VGFnOjExNDY,阿倫梅達週,1
VGFnOjIyMDY,跨文化传播,1
VGFnOjMzODE,聖雅各之路,1
VGFnOjIyNjE,＠審議式社會 ＠卡管,1
VGFnOjM4NTM,媒體素養,1
VGFnOjI1NDA,綾瀨遙,1
VGFnOjE3NDE,Elon,1
VGFnOjM2NjY,随手,1
VGFnOjIxNTA,肖像畫,1
VGFnOjM4NTQ,獨立思考,1
VGFnOjE1NDM,能源,1
VGFnOjE0Nzg,基層,1
VGFnOjIzMjg,昭和年代,1
VGFnOjMzMTk,國族,1
VGFnOjMzMjI,賴朗騫,1
VGFnOjMzNTg,IP改编,1
VGFnOjIxNDg,甄江华,1
VGFnOjM4NTU,台灣媒體,1
VGFnOjI4MTM,直男癌,0
VGFnOjIyNDc,子弹短信,1
VGFnOjMyMzk,高中生,1
VGFnOjM2MTI,单机游戏,1
VGFnOjIyODU,淡江大學,1
VGFnOjM1MTk,特殊醫療拒絕權,1
VGFnOjU5OQ,北大校庆，错别字,1
VGFnOjM2NDc,2020,0
VGFnOjM1MzU,流亡者,1
VGFnOjI3Ng,轻芒点评,1
VGFnOjExMDE,衣食住行,1
VGFnOjIyNjU,熊本,1
VGFnOjI5NjE,線上遊戲,1
VGFnOjQyNjQ,淪落人,1
VGFnOjM4NTc,开国皇帝,1
VGFnOjMzNzA,改變自我,1
VGFnOjIwMjQ,火箭隊,1
VGFnOjIwOTc,Minecraft,1
VGFnOjg3OA,物流,1
VGFnOjg2Nw,國家與社會關係,1
VGFnOjc4NA,SROI,1
VGFnOjMzNTI,也斯,1
VGFnOjIxMjM,美剧 ,1
VGFnOjI2ODE,越戰,1
VGFnOjIyNjg,黄庄学校,1
VGFnOjMxNjc,家乡,1
VGFnOjkyNg,刘霞,1
VGFnOjI3MTE,韓劇,1
VGFnOjM0MDU,互動式電影 ,1
VGFnOjE2Njc,Asian,0
VGFnOjIxNw,哈佛,1
VGFnOjUzOA,倡議,1
VGFnOjIyODM,Tesla,1
VGFnOjI1MDI,文革 上山下乡 ,1
VGFnOjI4MjQ,書話,1
VGFnOjIyMDk,個人史,1
VGFnOjM4NTY,选择人生,1
VGFnOjQxMDI,日月潭,1
VGFnOjQxMDA,快乐,1
VGFnOjM5MDc,澳洲留学,1
VGFnOjM5MDY,留学教育,1
VGFnOjM5Nzk,地球星人,1
VGFnOjM5MDQ,学生政治,1
VGFnOjM5MDU,华人留学生,1
VGFnOjM5NzM,卡夫卡,1
VGFnOjM5Nzg,村田沙耶香,1
VGFnOjM5NzI,春天,1
VGFnOjM5NzY,光,1
VGFnOjM5ODA,日文小说,1
VGFnOjM5Nzc,房思琪,1
VGFnOjM5NzU,眼泪,1
VGFnOjM5NzQ,变形记,1
VGFnOjM5MTE,惡的平庸性,1
VGFnOjM5MTI,人工島,1
VGFnOjM5MTA,漢娜,1
VGFnOjM5MDg,劉德華,1
VGFnOjQyNjY,普京,1
VGFnOjQyNzA,失重心,1
VGFnOjQyNjU,中俄關係,1
VGFnOjM5MDk,艾克曼,1
VGFnOjQyNjk,習近平幾乎跌一交,1
VGFnOjQyNjc,聖彼得堡,1
VGFnOjQyNjg,國際經濟論壇,1
VGFnOjM5MTQ,#成长,1
VGFnOjM5MTM,#大学,1
VGFnOjM3NTI,IM Free,1
VGFnOjM3NTM,免費圖庫,1
VGFnOjM3NTQ,  瑟谷教育,1
VGFnOjIxMzQ,多啦A夢,1
VGFnOjM0OTQ,G殺,1
VGFnOjExNjg,大麻,1
VGFnOjMxNjY,古建,1
VGFnOjE2OTQ,短篇,1
VGFnOjI4ODc,安藤忠雄,1
VGFnOjEzMTg,英汉对比,1
VGFnOjI1MzA,長榮航空,1
VGFnOjI2MDg,華航,1
VGFnOjEwNTk,steemit,1
VGFnOjE2OTM,dapp,1
VGFnOjI1MjU,dataism,1
VGFnOjQ3Ng,資料視覺化,1
VGFnOjE0,博恩夜夜秀,1
VGFnOjM2MzU,低俗,1
VGFnOjMwODM,內容,1
VGFnOjIwMQ,67暴動,1
VGFnOjM1NDc,伊斯兰法,1
VGFnOjI5OTM,phở,1
VGFnOjEyNTk,园子温,1
VGFnOjc3MQ,電音,1
VGFnOjk4Mg,城镇,1
VGFnOjMwNjY,文體,1
VGFnOjUxMA,資誠,1
VGFnOjE5NjU,公共领域 ,1
VGFnOjEwMjQ,地緣政治,1
VGFnOjMyMTU,欧盟,1
VGFnOjkwOQ,软件,1
VGFnOjEwNQ,資源回收,1
VGFnOjI5OTE,資訊,1
VGFnOjMyODY,virtual nations,1
VGFnOjMzMDg,鄰避,1
VGFnOjgyOQ,愛情；小說；心靈；人生,1
VGFnOjc2MA,信任,1
VGFnOjE5MzI,JSP,1
VGFnOjI1NjA,上山下乡,1
VGFnOjcw,濱口竜介,1
VGFnOjE1Nzc,中国三明治,1
VGFnOjk3OA,代理孕母,0
VGFnOjM0MTM,中興新村,1
VGFnOjg2MA,巨嬰國,1
VGFnOjc2OA,现场唱的歌,1
VGFnOjI5MDU,罷免,1
VGFnOjM2Mjg,寮國永珍,1
VGFnOjIzMzE,DBA,1
VGFnOjMzNDc,七龍珠 ,1
VGFnOjc1NA,協力造屋,1
VGFnOjMyOTQ,心理變態,1
VGFnOjk5OA,焦虑症,1
VGFnOjE1MjA,民居,1
VGFnOjU2OA,地下鐵事件,1
VGFnOjMwODA,轄區現場,1
VGFnOjkzNg,汗得,1
VGFnOjE3MDM,709大逮捕 ,1
VGFnOjM0MjE,存在主義,1
VGFnOjMzNTM,知识付费,1
VGFnOjMwNTE,女权 ,1
VGFnOjMzNzQ,本質,1
VGFnOjM2MjU,意外怀孕,1
VGFnOjI5NA,启蒙,1
VGFnOjM0Mg,Spring Festival,0
VGFnOjE2,紅線 ,1
VGFnOjM0MjA,Rick and Morty,1
VGFnOjEzNDk,美元,1
VGFnOjEyOTA,中越战争,1
VGFnOjEzODA,妨害名譽,1
VGFnOjMyOTU,自戀困擾,1
VGFnOjE3Njk,正名,1
VGFnOjI0NDM,內容創作,1
VGFnOjk5Mg,知識分子,0
VGFnOjEwOTU,Liv Ullmann,1
VGFnOjY0OA,人際,1
VGFnOjQ2Nw,儿童性教育,1
VGFnOjY5OA,software,1
VGFnOjM2MjA,蘇帆,1
VGFnOjQ2Mw,佳士事件最新媒体报道,1
VGFnOjEzNTQ,薩伊德,1
VGFnOjI5MjY,情色电影,1
VGFnOjEyMTc,后同志时代,1
VGFnOjI3MzY,web3,1
VGFnOjI4MzI,黃子華,1
VGFnOjI0MTg,墻,1
VGFnOjIwOTk,youbike,1
VGFnOjM5NA,急救,1
VGFnOjIwNDg,打卡景點,1
VGFnOjMwMDc,緬甸,1
VGFnOjM2NTc,草莓塔,1
VGFnOjI3OTE,社会等级,1
VGFnOjU5,雨果獎,1
VGFnOjUwMg,蔡明亮,1
VGFnOjMyNzE,九个发布会,1
VGFnOjMyNTU,Dapps,1
VGFnOjI2MTI,克羅地亞,1
VGFnOjI5ODY,高教,1
VGFnOjY5,BarCamp,1
VGFnOjIyMzY,隱性歧視,1
VGFnOjIyNDQ,美台關係,1
VGFnOjI1NDQ,香港獨立音樂,1
VGFnOjUxMw,粉絲研究,1
VGFnOjU4Ng,馬刺隊,1
VGFnOjY2MA,#,1
VGFnOjI3OTA,雾霾,1
VGFnOjMwOTI,微型貸款,1
VGFnOjI1MzI,徒步,1
VGFnOjMwNDY,長假,1
VGFnOjcyMQ,關注,1
VGFnOjM0ODc,无名之辈,1
VGFnOjMxNg,吸尘器,1
VGFnOjk2NA,"原住民族運動, ",1
VGFnOjI4MDQ,公共媒體法,1
VGFnOjQzMA,商业模式,1
VGFnOjE5NA,台灣中華,1
VGFnOjkzNA,榮倉奈奈,1
VGFnOjMyMzM,六小龄童,1
VGFnOjI0NTY,匹夫有权,1
VGFnOjIyNTc,證書,1
VGFnOjI4NTM,传记,0
VGFnOjMxOTQ,monitor,1
VGFnOjE5NzQ,强暴,1
VGFnOjI4MDg,异性恋霸权,1
VGFnOjcxNw,律師,1
VGFnOjI0MjI,critical visual theory,1
VGFnOjk1MA,platform ,1
VGFnOjM2NDE,Skype,0
VGFnOjE2NTE,租稅 財政 社會運動,1
VGFnOjMxNjA, 上網隱私,1
VGFnOjIwMTE,美股  ,1
VGFnOjExMTA,English,1
VGFnOjI0NzA,自由；容忍；高錕；大學教育,1
VGFnOjI4NDY,murmur,1
VGFnOjE4ODE,巫統,1
VGFnOjMzMzM,愚民教育,0
VGFnOjk5MQ,cannabis,1
VGFnOjM1MDE,自驾旅行,1
VGFnOjEzMDM,電商,1
VGFnOjI1NzE,Echo chamber,1
VGFnOjE0MjI,動物,1
VGFnOjE2MzE,视频作者,1
VGFnOjM1NTU,年轻人,1
VGFnOjkzOQ,公然侮辱,1
VGFnOjMzOTI,綠經濟,1
VGFnOjIwNTc,紋身,1
VGFnOjEyMjQ,小清新,1
VGFnOjI5NTQ,消费者维权,1
VGFnOjMyOQ,禁言,1
VGFnOjI5OQ,阿滴英文,1
VGFnOjM1Mjg,中華文化,1
VGFnOjMxMzk,海洋 ,1
VGFnOjIxNTE,人权捍卫者,1
VGFnOjI1MjA,项目,1
VGFnOjM3MA,人君冲突,1
VGFnOjY5Mw,房租上漲,1
VGFnOjE2MjU,网路书店,1
VGFnOjg3Nw,殘障人士權益,1
VGFnOjI4MzY,密码朋克,1
VGFnOjE0MDI,智慧音箱,1
VGFnOjE0MzA,Radio,1
VGFnOjk4NQ,感受,1
VGFnOjI5NTE,真的假的,1
VGFnOjE4ODI,Chase,1
VGFnOjIxODA,甲子園,1
VGFnOjMwOTQ,動區動趨,1
VGFnOjEwNzg,現代化,1
VGFnOjMzNjk,独立记者,1
VGFnOjIxMjY,父權,1
VGFnOjM2MTQ,还愿 (Devotion),1
VGFnOjEzNjE,網路暴力,1
VGFnOjIwNDA,資料科學,1
VGFnOjI0NA,鋼筆,1
VGFnOjI0MTc,銅鑼燒,1
VGFnOjM1MjM,精神家园,1
VGFnOjQwMw,智庫,1
VGFnOjI0NTE,体验,1
VGFnOjYzOA,自我否定,1
VGFnOjEwMA,守門員,1
VGFnOjE5NTk,模式,1
VGFnOjIyODc,香港關係法 ,1
VGFnOjE0NDc,公共化 市場化 商品化 私有化 公共政策,1
VGFnOjExMzU,外媒,1
VGFnOjE1NTI,广场舞,1
VGFnOjI4MDE,獅子山下,1
VGFnOjM0MzA,创作自由,1
VGFnOjI0OTU,天人合一,1
VGFnOjM5OA,江湖儿女,1
VGFnOjIwODQ,田僑仔,1
VGFnOjI1OA,湄公河,1
VGFnOjExODM,体制内感悟,1
VGFnOjEwMDE,社团,1
VGFnOjU3Ng,mirroring,1
VGFnOjEzNzg,709大逮捕,1
VGFnOjIyMDI,自省,1
VGFnOjI1MjQ,醫療政策,1
VGFnOjQ5Mw,使用帮助,1
VGFnOjMyNjY,沃勒斯坦,1
VGFnOjk2,东莞,1
VGFnOjM1NjY,早午餐,1
VGFnOjI1NDE,大学思绪,1
VGFnOjkzMQ,克漏字,1
VGFnOjY3Mw,Randy Bryce,1
VGFnOjI4MDY,雜七雜八,1
VGFnOjEzODc,水星逆行,1
VGFnOjk5NA,共有耕地,1
VGFnOjM5Mg,书摘,1
VGFnOjMzNzU,艾滋病,1
VGFnOjIyMjM,火锅店,1
VGFnOjM1MzE,自己歷史,1
VGFnOjEwMDc,KP,1
VGFnOjMzNjI,tvb,1
VGFnOjI1Nzg,新聞媒體到底要怎麼走,1
VGFnOjMyOTc,开源,1
VGFnOjE1MjI,AIDS,1
VGFnOjE1MjQ,R&R,1
VGFnOjE2OTE,平路,1
VGFnOjIyNTY,武汉理工,1
VGFnOjM2NQ,產業,1
VGFnOjI3NzA,兒童雜誌,1
VGFnOjMxMzA,数学天才,1
VGFnOjE2MDU,綠能,1
VGFnOjIxMzg,写作标题,1
VGFnOjIwNTg,除罪化,1
VGFnOjM0NDE,尘肺,1
VGFnOjkx,想像,1
VGFnOjMxMDc,富士康,1
VGFnOjMzMzg,2019,1
VGFnOjM0MTY,都市規劃,1
VGFnOjI2Mzc,正面回饋,1
VGFnOjMwOTY,高盛,1
VGFnOjI0OTg,開放政府,1
VGFnOjIzNTk,美联储,1
VGFnOjE2NzM,一带一路,1
VGFnOjMyMjA,每日一問,1
VGFnOjU2OQ,后殖民,1
VGFnOjEzNTg,衛生紙,1
VGFnOjE1MDA,社區工作 ,1
VGFnOjEyMjM,信息焦虑,1
VGFnOjMyNjk,参与式艺术 ,1
VGFnOjczMA,呂秀蓮,1
VGFnOjE3MTI,押井守,1
VGFnOjI0MjQ,职业教育,1
VGFnOjI2MTg,香港電台電視部,1
VGFnOjI4NDI,公衛,1
VGFnOjM1OTM,欧洲,1
VGFnOjM0OA,陽光姊妹淘,1
VGFnOjMxMjM,语音助手,1
VGFnOjI3Nw,劇透,1
VGFnOjMyNTg,火星人,1
VGFnOjcz,通讯工具,1
VGFnOjM1Mjk,朝貢體系,1
VGFnOjEyNDY,中国游客,1
VGFnOjE2ODE,BPO產業,1
VGFnOjE5ODU,日本電影,1
VGFnOjc0MQ,理财,1
VGFnOjM2NTg,test,1
VGFnOjE1NzE,內容整改,1
VGFnOjE4NDA,art,1
VGFnOjI1MjM,寮國,1
VGFnOjExNDA,Apache,0
VGFnOjE3MDI,樹木希林,1
VGFnOjM2MDM,Diversity,1
VGFnOjYyNw,中山大学叫兽,1
VGFnOjMzOTQ,人格疾患,1
VGFnOjMyMzY,流产,1
VGFnOjY5Ng,碎片化,1
VGFnOjEyODE,青少年,1
VGFnOjEyNjM,學校體育,1
VGFnOjM1MzY,曾金燕,1
VGFnOjcy,都市發展,1
VGFnOjE0OTg,self-autonomy ,1
VGFnOjE3ODQ,AI  ,1
VGFnOjE5OTg,白皮書,1
VGFnOjEwMg,跨國遷移,1
VGFnOjU4Mg,電話,1
VGFnOjIyMDE,當兵,1
VGFnOjM0NzA,陪伴,1
VGFnOjI1MA,USA,1
VGFnOjEyNTE,惩罚,1
VGFnOjkyNw,大中華,1
VGFnOjIxMDg,平凡,1
VGFnOjYxNA,網約車,0
VGFnOjEzMzc,贪污,1
VGFnOjMzOTU,病態,1
VGFnOjMyMQ,新儒家,1
VGFnOjIxNTg,中华民国,1
VGFnOjUwNQ,粉絲,1
VGFnOjgxNw,轻芒,1
VGFnOjM1Nzk,Tencent Lemon Cleaner,1
VGFnOjczOA,不知道贴什么好,1
VGFnOjE5OTc,返鄉,1
VGFnOjI5NDk,佔領,1
VGFnOjI3NDg,上流兒童 ,1
VGFnOjM0NjU,网络中立性,1
VGFnOjExMDQ,VPN,1
VGFnOjE5NTQ,tutorial,1
VGFnOjE2MA,香港書展,1
VGFnOjY0MA,教程,1
VGFnOjIwMDU,杂章,1
VGFnOjE0MDA,楊力州導演,1
VGFnOjIxMzI,器具,1
VGFnOjMwODg,5G 通訊標準 文化發展 科技稅,1
VGFnOjEzMDQ,blog,1
VGFnOjEwMTk,刘慈欣,1
VGFnOjE4MTE,開放協作,1
VGFnOjEwMzM,Ocasio-Cortez,1
VGFnOjIxOTY,陳浩天,1
VGFnOjIyMTY, WireGuard,1
VGFnOjMwMTA,性交易,1
VGFnOjE4MjE,品種改良,1
VGFnOjI4MzQ,正当防卫,1
VGFnOjI1NTU,無雙,1
VGFnOjEwNDc,冬季奧運,1
VGFnOjEzNQ,工業化,1
VGFnOjIyOA,護家盟,1
VGFnOjIyMjA,跨部會,1
VGFnOjIyNDg,規則效益主義,1
VGFnOjIxOTM,觀光,1
VGFnOjI4OTc,商业化,1
VGFnOjI5NzI,携程,1
VGFnOjU1NQ,O2O,1
VGFnOjM1MTU,虐兒,1
VGFnOjIxMzA,dolce&gabbana,1
VGFnOjM1MzQ,漫遊者小王子,1
VGFnOjM2MDA,中国伊斯兰,1
VGFnOjMyODM,吉光片羽,1
VGFnOjEzOTk,成績,1
VGFnOjI2OTE,事实,1
VGFnOjc2NQ,緬華移民,1
VGFnOjMzODc,hiphop,1
VGFnOjM0MjY,回應,1
VGFnOjI1ODY,生活日誌,1
VGFnOjI5MDE,无索引处,1
VGFnOjM0NTc,中国独立写作,1
VGFnOjI2MTY,阿蘇,1
VGFnOjM2MjI,苏联,1
VGFnOjIxMDk,腾退,1
VGFnOjMyNTc,Avicii,1
VGFnOjM1NzA,302重定向,1
VGFnOjk5Ng,電玩,1
VGFnOjk1Nw,阎连科 ,1
VGFnOjIzNjY,威权政治,1
VGFnOjI2MDI,人口結構,1
VGFnOjgzNg,國旗,1
VGFnOjE0OTA,發展型國家,1
VGFnOjE2MTQ,台灣戰後第一代建築師,1
VGFnOjIxNjI,戰爭動員,1
VGFnOjMxNzk,时装/未来/科技,1
VGFnOjEwOTI,邊界,1
VGFnOjU0OQ,江戶 ,1
VGFnOjE1NDU,語文教育,1
VGFnOjMzNTQ,内容创业,1
VGFnOjIxMzU,最低工資,1
VGFnOjM5OQ,台灣 選舉 台北市 柯文哲,1
VGFnOjIzMTY,炎上,1
VGFnOjMxMjU,cortana,1
VGFnOjIwNTY,艾滋,1
VGFnOjI5MzI,依法行政,1
VGFnOjY2NA,personal thoughts,1
VGFnOjM0ODU,大英博物館,1
VGFnOjE1Mzg,专制 自由,1
VGFnOjIyODE,消費主義,1
VGFnOjMyOA,吃吃,1
VGFnOjE0NTQ,妇检,1
VGFnOjIzMQ,结果正义,1
VGFnOjI0MTI,退休,1
VGFnOjI1NTg,波,1
VGFnOjIyMw,读博,1
VGFnOjMwOTk,认知主体,1
VGFnOjExOA,虛擬實境,1
VGFnOjI4NzU,代孕,0
VGFnOjE5MDA,单田芳,1
VGFnOjMyOTk,女性安全,1
VGFnOjEyMDg,城管,1
VGFnOjE0ODI,人脸识别 ,1
VGFnOjMxMTQ,大兴,1
VGFnOjM1OTU,自閉症,1
VGFnOjI3ODg,Amex,1
VGFnOjI4MjY,柔佛州王儲,1
VGFnOjE1NzA,傘運,1
VGFnOjc3Mw,前進進,1
VGFnOjI3MjA,壓力,1
VGFnOjkzMw,老闆,1
VGFnOjEyMTI,媒体运作,0
VGFnOjE4OA,＃梁天琦,1
VGFnOjM3NQ,判断 ,1
VGFnOjMyODE,性服务业,1
VGFnOjEwMzc,@語言,1
VGFnOjE0NTU,景觀社會,1
VGFnOjEzMTU,波考克,1
VGFnOjYwMg,台大,1
VGFnOjI5NzE,性工作,1
VGFnOjE3NjA,山寨,1
VGFnOjEzMzQ,社會信用,1
VGFnOjg3Mw,兿術,1
VGFnOjkwMg,social innovation,1
VGFnOjEzMDU,網誌,1
VGFnOjExOTM,開齋節,1
VGFnOjc3Ng,权利运动,1
VGFnOjIxNTI,学界,1
VGFnOjIxOTA,会议,1
VGFnOjM2MDk,职业病,1
VGFnOjgyNA,庫柏力克,1
VGFnOjE5ODg,真實的中國,1
VGFnOjE2OQ,團結工會,1
VGFnOjE1MTU,抓娃娃机,1
VGFnOjIwMzk,漢字,1
VGFnOjI5NDY,文学解读,1
VGFnOjI1OTU,福柯,1
VGFnOjIxNzU,油畫,1
VGFnOjIzODI,勞動,1
VGFnOjY0NQ,反抗者,0
VGFnOjMyNDY,孟晚舟 ,1
VGFnOjE3MTM, 影評,1
VGFnOjE5MzE,派遣歸零,1
VGFnOjQ4Mg,泛科知識,1
VGFnOjEwNzc,猥褻,1
VGFnOjMxMzQ,企业社会责任,1
VGFnOjM2NjU,吳柏蒼,1
VGFnOjEwOTQ,摄影心得,1
VGFnOjI4NDA,颱風,1
VGFnOjM1ODM,成瘾,1
VGFnOjI1NDc,token engineering,1
VGFnOjIyNzM,IP,1
VGFnOjEzMDc,使女的故事,1
VGFnOjIxOTg,高梁,1
VGFnOjM2MDE,汉克塔布,1
VGFnOjMwNTA,信息产业,1
VGFnOjM0MTQ,花園城市,1
VGFnOjE3MTk,資訊設計,1
VGFnOjM0OTM,理與情,0
VGFnOjM2MTg,行舟地,1
VGFnOjIzMjE,重磅对谈,1
VGFnOjE1ODM,芯片,0
VGFnOjE4OTU,入行,1
VGFnOjE5MDQ,阿德勒,1
VGFnOjMwNjQ,趙亮,0
VGFnOjMwMzc,食光机,1
VGFnOjIyMzk,中英街一號,1
VGFnOjg2,公文写作,1
VGFnOjI2OTc,共享经济,1
VGFnOjIyMjI,搜尋引擎優化,1
VGFnOjEzNTY,Sukhothai,1
VGFnOjI5MA,藝評,0
VGFnOjIwODM,理性吃瓜,1
VGFnOjkyOQ,國會,1
VGFnOjE2Nzk,舒适区,1
VGFnOjM2MzQ,耽美,1
VGFnOjEzMzY,克瑙斯高,1
VGFnOjUz,阿根廷,1
VGFnOjI2MDA,缅怀,1
VGFnOjI0MTA,區塊鏈 社會創新 劇場 社區營造 ,1
VGFnOjI3MTg,脸书,1
VGFnOjEyNjg,联名,1
VGFnOjI2ODM,饮食,1
VGFnOjg1Nw,父亲缺位,1
VGFnOjEzOTg,財務,1
VGFnOjIwNjI,志工,1
VGFnOjgxMA,共居,1
VGFnOjIyNzI,读书会,1
VGFnOjE2MzY,共識演算法,1
VGFnOjE3MjQ,自媒體,1
VGFnOjMxNTE,office,1
VGFnOjI5MTM,政治道德；自由主義；,0
VGFnOjIxNTk,弑父,1
VGFnOjI5ODU,刑法,1
VGFnOjM1ODA,信息源,1
VGFnOjMxMTk,wetware,1
VGFnOjE0NDU,性權,1
VGFnOjI3Mjc,傳說,1
VGFnOjMyOTY,矯治教育,1
VGFnOjE3MQ,毒奶粉,1
VGFnOjExMjY,张艺谋,1
VGFnOjIxMjg,陽光先生,1
VGFnOjI2MTQ,糾纏行為,1
VGFnOjEwNDE,數字人格,0
VGFnOjEyMzc,modernity,1
VGFnOjE5Nzc,动物福利,1
VGFnOjI4Mjc,與神同行,1
VGFnOjI0NzM,人類,1
VGFnOjE1NjA,離農,1
VGFnOjM0NjI,正義,1
VGFnOjE2NDE,智慧財產,1
VGFnOjE2MTA,自衛隊,1
VGFnOjM4Nw,西日本水災 ,1
VGFnOjYwNw,王全璋,1
VGFnOjE3MTY,民粹時代,1
VGFnOjM1OTE,犹太教,1
VGFnOjI5MTk,鴻茅事件,1
VGFnOjI3MDc,大豆,1
VGFnOjI1Nzc,伺服器,1
VGFnOjE4NTE,历史观,0
VGFnOjI0OTA,開源,1
VGFnOjM2NTU,高雄幣,1
VGFnOjMxNzU,北语,0
VGFnOjI4OTg,告別,1
VGFnOjE3MTE,竹野內豐,1
VGFnOjc5,一日球迷,1
VGFnOjE0NjE,動物權,1
VGFnOjIyMzU,安寧社區照顧模式 ,1
VGFnOjE5NjA,鬼店,1
VGFnOjI0MDI,氣候行動,1
VGFnOjMzNA,睡著也好醒來也罷,1
VGFnOjg0NQ,恐怖的報酬,1
VGFnOjEzMjM,搜尋引擎原理,1
VGFnOjE4NTI,博恩,1
VGFnOjI5NjQ,無政府,1
VGFnOjExNjk,甜蜜蜜,1
VGFnOjMzMzQ,圖片去背,1
VGFnOjIzNDU,朱迪斯·巴特勒,1
VGFnOjM1Nzg,育兒薪資,1
VGFnOjIxOTc, 安田顯,1
VGFnOjgyNg,洗碗机,1
VGFnOjEwMDg,解殖,1
VGFnOjE0MTM,电视认罪,1
VGFnOjIwOTU,基布兹,1
VGFnOjIxNzA,賦能,1
VGFnOjIzNzQ,風災,1
VGFnOjExNDI,大麻合法化,1
VGFnOjIzNzE,正面管教,1
VGFnOjIwMjU,基礎建設,1
VGFnOjk3,滿洲,1
VGFnOjM1Nzc,台灣書展,1
VGFnOjk2MQ,鐵道,1
VGFnOjg0Mg,同影,1
VGFnOjIwODY,化石燃料,1
VGFnOjMzNDg,中國概念股,1
VGFnOjExOTg,內容行銷,1
VGFnOjM1NTE,城市规划,1
VGFnOjgzMQ,皮繩愉虐,0
VGFnOjI0NTA,海明威,1
VGFnOjMyODQ,书店,1
VGFnOjIyODA,新時代,1
VGFnOjE3MzA,東協,1
VGFnOjE3Njc,組織,1
VGFnOjE4NQ,麵包,1
VGFnOjMyNzY,SEO 2019,1
VGFnOjM1MjY,三峡,1
VGFnOjMzOTk,愿望,1
VGFnOjMzNTc,beancount,1
VGFnOjMzNjU,subway,1
VGFnOjYyOA,嘉義國際藝術紀錄片影展,1
VGFnOjI2NTU,软件 ,1
VGFnOjE1ODE,早期教育,1
VGFnOjM0NDk,Xinjiang,1
VGFnOjc2Mg,co-creation,1
VGFnOjE5NDI,理財,1
VGFnOjIzODU,英格蘭,1
VGFnOjE2ODQ,科罗拉多太阳报,1
VGFnOjE4NjI,戰術,1
VGFnOjM1MDQ,侗族大歌,1
VGFnOjE3Nzg,逍遙自在,1
VGFnOjIwNTM,馬祖,1
VGFnOjMwMjI,童話,1
VGFnOjMxMw,獨立記者,1
VGFnOjEzNDI,畏懼,0
VGFnOjE4NjA,元宵,1
VGFnOjM1MjI,陳純,1
VGFnOjExMA,代碼,1
VGFnOjE3NTM,後89一代 ,1
VGFnOjI5OTA,红楼梦,1
VGFnOjE1MjU,笔友,1
VGFnOjI3NjQ,泉州,1
VGFnOjEzNDE,containment,1
VGFnOjE5NTY,硬分叉,1
VGFnOjIzOTU,昆明,1
VGFnOjg4MQ,滴答屋,1
VGFnOjI2NTE,校園霸凌,1
VGFnOjE4Njk,资源的诅咒,1
VGFnOjMxNjI,智能合約,1
VGFnOjE3NTU,建教合作,1
VGFnOjI3MTQ,金融,1
VGFnOjIxNg,文化治理,1
VGFnOjMwNzg,以彼之矛攻彼之盾,1
VGFnOjEwNTI,E-A-T,1
VGFnOjM2Mzc,安乐死,1
VGFnOjI3MzE,帝國主義,1
VGFnOjE4NzM,李梅樹,1
VGFnOjQ1Ng,勝負,1
VGFnOjM1MDI,挪威,1
VGFnOjE2Mzk,奈及利亞,1
VGFnOjI0,精英教育,1
VGFnOjE4NA,笔记,1
VGFnOjI5NzU,BERSIH,1
VGFnOjMxOTI,紀念保存,1
VGFnOjIyMDc,場景設定,1
VGFnOjMzNzM,Orson Welles,1
VGFnOjQ0Mw,新北市長選舉,1
VGFnOjI3NjI,逆流大叔,1
VGFnOjE2MDI,大媽,1
VGFnOjczNg,怎么办,1
VGFnOjE1MDU,資本論,1
VGFnOjE5OTM,不平等,1
VGFnOjMyMTg,比鲁尼,1
VGFnOjIwNDU,Essay,1
VGFnOjI3NzU,登山,1
VGFnOjMxNTU,婚姻,1
VGFnOjI5ODE,标签,1
VGFnOjMzNDA,惦映,1
VGFnOjMxMjA,科学,1
VGFnOjMyODU,結構化思維,1
VGFnOjMwODU,公关,1
VGFnOjMwNjc,The night night show,1
VGFnOjMxNzE,科技巨头,1
VGFnOjE1NjE,殷龙龙 自由诗 抗争,1
VGFnOjE3MDY,吳曉樂,1
VGFnOjIzMTI,簽證,1
VGFnOjE0NjA,影像作者,1
VGFnOjE0ODQ,migration,1
VGFnOjIwOTg,capability building,1
VGFnOjE0OTk,階級流動,1
VGFnOjIzMDU,現代主義,1
VGFnOjI1MzY,政治正确,1
VGFnOjI5OA,鄭伊廷,1
VGFnOjM1NTY,求職,1
VGFnOjIzNTE,追劇,1
VGFnOjE2ODc,營銷,0
VGFnOjMyMzc,性爱,0
VGFnOjE2NjA,Davos,0
VGFnOjM1MTI,正能量,0
VGFnOjIzNjg,Internet,0
VGFnOjI2NTc,对话,0
VGFnOjEwOTA,刻奇,0
VGFnOjExOTI,book design ,0
VGFnOjY1Mg,下標,0
VGFnOjI2Nzg,Engineering,0
VGFnOjM2Njc,反共義士,0
VGFnOjI3NDE,陳為廷,0
VGFnOjc4Mw,区块链  美联社  Civil,0
VGFnOjY4,w96j0 ,0
VGFnOjEyODQ,御宅,0
VGFnOjIzNzc,Book,0
VGFnOjEwNzk,稱帝,0
VGFnOjM1NzM,mastodon,0
VGFnOjMwOA,刘以鬯,0
VGFnOjYz,阿倫梅達,0
VGFnOjI5MTE, 貿易,0
VGFnOjE1ODk,选举,0
VGFnOjM1MTQ,中国 ,0
VGFnOjIxMDM,Trade war,0
VGFnOjI5Mzg,组织,0
VGFnOjQ3Mg,无条件基本收入,0
VGFnOjM3MjA,（）,0
VGFnOjM2NTk,UX ,0
VGFnOjM2ODI,女性主义 ,0
VGFnOjM3MTg,深冬,0
VGFnOjgwMw,Chinese Independent Film,0
VGFnOjE0MjQ,失戀,0
VGFnOjIzNDE,彞族诺苏,0
VGFnOjc0Ng,抗争,0
VGFnOjgxNg,gentrification,0
VGFnOjM1Mzg,新聞工作者,0
VGFnOjI0MDc,People,0
VGFnOjI4OTI,Economy,0
VGFnOjEzMzA,Self-intro,0
VGFnOjEzMzM,美團外團,0
VGFnOjI0MzA,剧场,0
VGFnOjE2Ng,Public discussion,0
VGFnOjMzNjg,社會現實,0
VGFnOjI4ODk,one child policy,0
VGFnOjIyNjk,社會契約論,0
VGFnOjIwNzE,藝術 舞台劇,0
VGFnOjEwMTA,artistic films,0
VGFnOjQxNQ,武大,0
VGFnOjExNzk,霸权性,0
VGFnOjE4NzY,Bernard Williams,0
VGFnOjEyMjk,＃藝術商品化＃反諷刺,0
VGFnOjExNjc,Crowdfunding,0
VGFnOjM2NTE,財富重分配,0
VGFnOjY2NQ,個人學思,0
VGFnOjMwNDM,技术,0
VGFnOjE3NTI,post-89s,0
VGFnOjEwMjI,行销,0
VGFnOjY2OA,desire,0
VGFnOjg1NA,世界经济论坛,0
VGFnOjE5MDk,law,0
VGFnOjE5NDc,Wang Lixiong,0
VGFnOjEwMTc,华文,0
VGFnOjI1NTE,來了都是Matters人,0
VGFnOjk4MQ,來了都是 Matters 人,0
VGFnOjg1Mg,WEF,0
VGFnOjExNDM,Hongkong Independent Film Festival,0
VGFnOjI5MDY,罢免,0
VGFnOjI3NzM,Nil at this moment,0
VGFnOjIxMTE,甄江华， ,0
VGFnOjM1MzM,破壁者,0
VGFnOjMzNjc,詩一首,0
VGFnOjE3MzE,东协,0
VGFnOjMyMTQ,先進封裝,0
VGFnOjI2OA,Michelin Guide,0
VGFnOjc5Nw,奥斯卡,0
VGFnOjM1Njg,302,0
VGFnOjIzMTk,Conversations,0
VGFnOjMxMA,democratic,0
VGFnOjg2MQ,巨婴国,0
VGFnOjIxOTQ,守候,0
VGFnOjIxNzg,时间简史,0
VGFnOjIzNw,日剧,0
VGFnOjE3NDY,毛派,0
VGFnOjIzMjY,蝙蝠俠,0
VGFnOjExMQ,代码,0
VGFnOjM0MjI,虛無主義,0
VGFnOjE4ODU,隱喻,0
VGFnOjk1OQ,lgbt,0
VGFnOjE1MTk,Hong Kong,0
VGFnOjI4NDk,社交遊戲,0
VGFnOjM1OTA,夹边沟,0
VGFnOjExNjI,坂本龍一,0
VGFnOjI2NQ,ACG,0
VGFnOjU0NA,格莱珉銀行,0
VGFnOjMxNDM,#人工智慧,0
VGFnOjIzODc,Links,0
VGFnOjY1,行动支付,0
VGFnOjI3NTI,女司机 心理学 权力,0
VGFnOjEwODk,kistch,0
VGFnOjI3NjU,Left Wing,0
VGFnOjEyMDQ,tax,0
VGFnOjkxMA,Law,0
VGFnOjIwMTQ,Southeast Asia,0
VGFnOjI0Nzc,奶爸,0
VGFnOjUyOA,其實如何改善香港的公共醫療制度,0
VGFnOjMwMzI,generational conflicts,0
VGFnOjMzNzg,中國傳媒 語象,0
VGFnOjMzMDc,避鄰,0
VGFnOjMzMDA,教學,0
VGFnOjM0NTE,pm,0
VGFnOjE2NzU,匹夫有责,0
VGFnOjM2Njg,123自由日,0
VGFnOjI4Mjk,Nobel Peace,0
VGFnOjQ4OQ,韩国,0
VGFnOjczMg,constitution,0
VGFnOjEwNTE,第三勢力,0
VGFnOjI2MDc,政治学,0
VGFnOjI2,太宰治,0
VGFnOjE2NjY,內媒,0
VGFnOjIyMzM,Urbanity,0
VGFnOjMzMjQ,佛学,0
VGFnOjI2MzQ,Game,0
VGFnOjMyNzQ,华尔街日报,0
VGFnOjI0OTM,勞動節、,0
VGFnOjI5MDM,十字交乘法,0
VGFnOjM1NjI,原始部落,0
VGFnOjEzMjU,protest,0
VGFnOjI2MTA,硬分岔,0
VGFnOjI2MzM,公德,0
VGFnOjI1MDY,李敖 青春,0
VGFnOjkyMA,歐聯,0
VGFnOjI3ODU,惡法亦法 依法行政 規則效益主義 效益主義 政治哲學,0
VGFnOjc2MQ,公共醫療制度,0
VGFnOjU1NA,耶诞,0
VGFnOjE3OTY,logic,0
VGFnOjE5NzM,meta,0
VGFnOjE5Mjg,＃阅读,0
VGFnOjI0Mjk,theater,0
VGFnOjY3,公共知识份子,0
VGFnOjIzNDc,Documentary,0
VGFnOjUyMA,7.27非法抓捕事件,0
VGFnOjE5MjE,me too,0
VGFnOjE0NzI,Product,0
VGFnOjMxODE,午餐,0
VGFnOjExMzY,紀錄片 知青 弗搭界,0
VGFnOjMxNzc,就业 性别 歧视,0
VGFnOjI1MTI,The Philippines,0
VGFnOjI5MTY,AMA,0
VGFnOjE5NTc,量子力學,0
VGFnOjM1MA,团结,0
VGFnOjExNA,sci-fi,0
VGFnOjMwMjk,建设性沟通,0
VGFnOjM2NDU,打酱油,0
VGFnOjM0ODg,嬰兒,0
VGFnOjE2Mzc,豆瓣,0
VGFnOjUwMQ,暖暖,0
VGFnOjI1MjE,智庫 公共政策,0
VGFnOjU4Mw,文資價值,0
VGFnOjIwNzc,Didi,0
VGFnOjI2MDE,population,0
VGFnOjE4MA,内容审查,0
VGFnOjMxODQ,辩论作为表象的分析,0
VGFnOjMxODA,早餐,0
VGFnOjEyNzk,神经网络,0
VGFnOjE1OTQ,图像，fMRI,0
VGFnOjM2NjA,123,0
VGFnOjIwNQ,短句,0
VGFnOjIzMTU,攝影,0
VGFnOjM4MA,eos,0
VGFnOjExMTI,英语,0
VGFnOjE4NDQ,政治道德；自由；政治哲學,0
VGFnOjM1NDA,大事,0
VGFnOjEyMjc,农药,0
VGFnOjM2MTY,家長,0
VGFnOjMzMjc,已经,0
VGFnOjMyMg,经济 国进民退 中国,0
VGFnOjIwOA,俄罗斯,0
VGFnOjE3Mjk,ASEAN,0
VGFnOjE3NzU,你的孩子不是你的,0
VGFnOjEyNw,自由秩序-民族主义-国际主义,0
VGFnOjMzNDU,女权史上的今天,0
VGFnOjEyMTQ,性别宽容度,0
VGFnOjEwMzg,台灣 公投 性別 法制 民主,0
VGFnOjIwMA,远远地守望,0
VGFnOjIxNjY,蒙古,0
VGFnOjI4NTI,共识,0
VGFnOjMyMDM,火星,0
VGFnOjE2NQ,新聞攝影,0
VGFnOjI0NjQ,fertility,0
VGFnOjE1NTc,爱,0
VGFnOjIwMTY,东南亚,0
VGFnOjE5OTQ,學術,0
VGFnOjY3Nw,乌克兰,0
VGFnOjY4MA,中國歷史,0
VGFnOjU4,网路中立,0
VGFnOjI3MTc,facebook,0
VGFnOjY2Ng,个人学思,0
VGFnOjE5NDM,disruptive,0
VGFnOjE5NDk,劉瑜,0
VGFnOjMzNjM,高雄 ,0
VGFnOjMwNTM,留学经历,0
VGFnOjMwMw,Coding,0
VGFnOjE4MzM,巴西,0
VGFnOjM2MzE,原創文學,0
VGFnOjY1MA,Tunisia,0
VGFnOjUxNg,Sexual Harassment,0
VGFnOjQ1,Psychological trauma,0
VGFnOjI4NjE,old age,0
VGFnOjYw,熊本 ,0
VGFnOjIwOTQ,中期选举,0
VGFnOjM2Mjk,无人区,0
VGFnOjMyMTM,科技業,0
VGFnOjkwNQ,以史为鉴,0
VGFnOjE4NzA,Platform cooperative movement,0
VGFnOjI0MzM,rickandmorty,0
VGFnOjEwMTU,壟斷地租,0
VGFnOjg2NA,後台,0
VGFnOjYx,中国签证,0
VGFnOjM1NDk,首都,0
VGFnOjIyOTA,法庭,0
VGFnOjQzOQ,建制派,0
VGFnOjIyNDI,谈一个伤医的老新闻,0
VGFnOjM3MDE,胡波1,0
VGFnOjE1NjI,Time,0
VGFnOjE1Nw,文科生的科普读物,0
VGFnOjI0NTQ,垃圾扒手,0
VGFnOjIxMDc,雜貨店,0
VGFnOjE4Mzc,Writers,0
VGFnOjIzMTQ,科学哲学,0
VGFnOjg0Nw,contemporary Chinese novel,0
VGFnOjMzMDI,😊😊😊,0
VGFnOjE4ODM,非正式都市化,0
VGFnOjE0NjY,電銷,0
VGFnOjMwNTI,数学哲学,0
VGFnOjE1NDc,Trade,0
VGFnOjc5OA,白＿,0
VGFnOjg3NA,Feminism,0
VGFnOjgzMg,虐恋,0
VGFnOjg4,Labor,0
VGFnOjI5MjE,urban planning,0
VGFnOjE4ODg,Mumbling,0
VGFnOjYxNg,标题,0
VGFnOjMxMDg,分行,0
VGFnOjQ1Mw,雙贏,0
VGFnOjI5MTg,愛麗絲,0
VGFnOjI1OTg,西藏问题 政治 口述史 ,0
VGFnOjMwNDE,tech,0
VGFnOjEwODA,郑家栋,0
VGFnOjIxMjU,十年,0
VGFnOjI0NzQ,约谈,0
VGFnOjIwOTE,Nil,0
VGFnOjMwMDE,探險,0
VGFnOjg3Mg,四季書評,0
VGFnOjIwMjA,ACS,0
VGFnOjkyMQ,保卫学生社团,0
VGFnOjI3MA,"全聯,中元節,",0
VGFnOjI0Mzk,Social Movement,0
VGFnOjI3Nzk,cp,0
VGFnOjEwNDg,冬季奥运,0
VGFnOjEzNDg,社区,0
VGFnOjM1ODY,黃向墨,0
VGFnOjE1ODc,Election,0
VGFnOjI5MDA,彝族,0
VGFnOjIwNTA,drawing,0
VGFnOjI0Nzk,阅读 体会 新人首贴,0
VGFnOjI1NTA,讀書報告,0
VGFnOjEzMzU,社会信用,0
VGFnOjc3NA,铅笔社,0
VGFnOjgzOQ,网约车,0
VGFnOjM1NTM,大数据挖掘,0
VGFnOjE0NzM,产品,0
VGFnOjI2NzM,cross-strait,0
VGFnOjE5MjY,＃reading,0
VGFnOjgxMg,Thailand,0
VGFnOjI3NzE,西闪，疾病，狂热,0
VGFnOjMz,時間線,0
VGFnOjYzMw,religion,0
VGFnOjE5Mjc,＃閱讀,0
VGFnOjI0ODY,想回到那一天,0
VGFnOjQyOA,Business Model,0
VGFnOjI1NTQ,房租,0
VGFnOjY3Mg,小确幸,0
VGFnOjIwOTI,midterm election,0
VGFnOjMyNjI,乡村 高铁,0
VGFnOjI2MjA,History,0
VGFnOjEwNA,日子,0
VGFnOjI3Nzg,南海,0
VGFnOjE1NTU,價格,0
VGFnOjEzMTc,昨日的世界,0
VGFnOjcyNw,anti-nuclear,0
VGFnOjI1MzE,非典型戰爭,0
VGFnOjg5Mw,travel observation,0
VGFnOjY4OQ,Mainland China,0
VGFnOjIxODQ,Singapore,0
VGFnOjE2MzI,Democratic Party,0
VGFnOjEyMDE,military service,0
VGFnOjU5MA,周刊编集,0
VGFnOjk0Ng,MeToo,0
VGFnOjE2NDc,驱赶,0
VGFnOjg4MA,園藝,0
VGFnOjE0Mjk,是,0
VGFnOjE4NjU,大麻 marijuna ,0
VGFnOjkxNQ,平台合作運動,0
VGFnOjE5MDY,The Ceremony,0
VGFnOjQwNA,限塑,0
VGFnOjMxMTY,genome editing,0
VGFnOjIwNzk,飞行家,0
VGFnOjIzOTE,#Metoo,0
VGFnOjE3ODk,語音,0
VGFnOjI4NjM,乐龄,0
VGFnOjk4Ng,職業運動,0
VGFnOjExNTQ,超級英雄,0
VGFnOjE4OTI,进化论,0
VGFnOjQwOQ,知識連結,0
VGFnOjE2ODI,Bug,0
VGFnOjI3NDU,中美关系的未来在哪里？,0
VGFnOjExMjM,西闪,0
VGFnOjI3NjA,welfare,0
VGFnOjM0NTM,政治思想,0
VGFnOjI4NTg,猥褻者,0
VGFnOjIxMTQ,答复,0
VGFnOjI0OTY,Education,0
VGFnOjQzOA,导演,0
VGFnOjIyNzU,國際爭端,0
VGFnOjMyNDc,肥宅遇上猫,0
VGFnOjM2NzQ,傳統,0
VGFnOjExMzM,护照自由度,0
VGFnOjI2MjI,agriculture,0
VGFnOjE4OTk,出櫃,0
VGFnOjQx,小时,0
VGFnOjIzNzI,idea,0
VGFnOjMxNjk,隐私,0
VGFnOjc4Mg,生命价值,0
VGFnOjM0NDU,美國書店,0
VGFnOjI2MjQ,农业,0
VGFnOjI4Nw,creat,0
VGFnOjI5NTc,jiashi1,0
VGFnOjUwOQ,創意,0
VGFnOjMyMzI,喜愛,0
VGFnOjE2MzQ,民主党,0
VGFnOjEzNzI,陈升,0
VGFnOjMyOTE,＃诗人  ＃孟浪  ＃独立出版,0
VGFnOjExMDA,讀一本書,0
VGFnOjM1MTM,染香,0
VGFnOjE2MDc,基進黨,0
VGFnOjE1Mjk,穿裙子的男孩,0
VGFnOjE2NzI,"太陽花運動,",0
VGFnOjM1Ng,大數據 騰訊 AI,0
VGFnOjE5NzI,反人类中心主义,0
VGFnOjI4MTg,数位列宁主义,0
VGFnOjMyNzM,十佳好书 ,0
VGFnOjI4NTA,社交游戏,0
VGFnOjE0MTI,涨价,0
VGFnOjI1MzU,activism,0
VGFnOjk0OQ,胆子大的女孩子,0
VGFnOjE2ODg,consumption,0
VGFnOjM0MDA,時間管理,0
VGFnOjM0,时间线,0
VGFnOjI0ODc,腦,0
VGFnOjk3MQ,Philosophy,0
VGFnOjcwNw,海域,0
VGFnOjE0Njk,科学与文艺 ,0
VGFnOjQ4MQ,统独,0
VGFnOjE5NQ,India,0
VGFnOjEwMDk,活动,0
VGFnOjMwNzE,天文物理学,0
VGFnOjExMg,有機,0
VGFnOjI0NzI,asdads,0
VGFnOjIwNzU,亞倫·雷奈,0
VGFnOjc5NQ,中国婚恋观,0
VGFnOjIyMDg,连接守候,0
VGFnOjI1OTE,cybersecurity,0
VGFnOjMxNDI,#人工智慧 #科技 #物聯網 #機器人,0
VGFnOjEyMTE,性少數,0
VGFnOjEwOTY,Strait Talk Taipei,0
VGFnOjE5NDA,网红,0
VGFnOjI5MTQ,虛擬,0
VGFnOjU1,北美,0
VGFnOjEzMw,創意 ,0
VGFnOjM3Ng,annual review,0
VGFnOjI0MTk,急救；怎么办,0
VGFnOjM2MzA,原创文学,0
VGFnOjIzMTE,《全民優質高等教育普及法案》,0
VGFnOjM0Nzc,行銷工具,0
VGFnOjg4OQ,Cambodia,0
VGFnOjE1NDk,贸易,0
VGFnOjE0NDE,TV,0
VGFnOjE0Nzc,知识,0
VGFnOjMwNzI,專業性職稱,0
VGFnOjIyOTY,liberalism,0
VGFnOjYzNQ,probability theory,0
VGFnOjI5ODk,Taipei,0
VGFnOjQ2Ng,網絡音頻,0
VGFnOjE0NTM,懺悔,0
VGFnOjE0NTc,公民,0
VGFnOjI1ODU,文学 红楼梦 古典小说,0
VGFnOjE4MTM,Fiction,0
VGFnOjI0NzY,政治參與,0
VGFnOjE5MDU,清潔,0
VGFnOjIzMjI,"改革开放,匹夫有权",0
VGFnOjIwMjc,decentralization,0
VGFnOjI1Njc,燦爛時光,0
VGFnOjIzNjA,nonfiction writing,0
VGFnOjg1,分众,0
VGFnOjExMDk,Sinophone,0
VGFnOjMzMzk,願望,0
VGFnOjE2OTc,喜欢,0
VGFnOjMy,Timeline,0
VGFnOjM2ODA,privacy,0
VGFnOjEzODI,陳冠希,0
VGFnOjI5MzY,tv series,0
VGFnOjE4MjY,個人主義,0
VGFnOjg5OA,批评,0
VGFnOjE1Mzc,意大利,0
VGFnOjYwOA,马蜂窝 互联网运营 互联网,0
VGFnOjE3OTk,北京户口,0
VGFnOjE5OTY,啊都是高V发,0
VGFnOjI0OTI,黑色旅人,0
VGFnOjEyMjg,自戀、精神分析,0
VGFnOjE1NTQ,dss,0
VGFnOjM2OTU,司法考试,0
VGFnOjYzNw,概率论,0
VGFnOjI4ODQ,众筹,0
VGFnOjkzNw,統計,0
VGFnOjc1OA,夏令營,0
VGFnOjQxNg,arts,0
VGFnOjIzNjQ,authoritarianism,0
VGFnOjE4MDM,Bitcoin,0
VGFnOjMwMzg,大法官,0
VGFnOjI4ODA,经济 国进民退,0
VGFnOjM3Nw,年終總結,0
VGFnOjUxMQ,@婚戀觀,0
VGFnOjI3MTY,《国家的计算》,0
VGFnOjEyOTI,ethics of journalism,0
VGFnOjEyMzU,秦晖,0
VGFnOjMzMjk,中国人的特点,0
VGFnOjE4MzQ,UBI,0
VGFnOjEzNTc,內地,0
VGFnOjE3NjY,探險家,0
VGFnOjE4OTM,东亚,0
VGFnOjEzMDY,博客,0
VGFnOjE2MjM,internet bookstore,0
VGFnOjU3Mg,希望聯盟,0
VGFnOjEzMjE,韭菜,0
VGFnOjIyMzI,社科反思,0
VGFnOjY2MQ,policy,0
VGFnOjExMDM,彩虹跑,0
VGFnOjM1Njc,301,0
VGFnOjMyMjg,实习,0
VGFnOjQ0Nw,同上,0
VGFnOjIwMDA,美學觀念,0
VGFnOjE1Ng,文科生的科普讀物,0
VGFnOjE2NzA,住屋權,0
VGFnOjI5OTk,債務,0
VGFnOjUzNg,房價,0
VGFnOjE4NTA,服務業,0
VGFnOjgwOQ,8.24暴力清场,0
VGFnOjQ4Mw,publication,0
VGFnOjEwMjA,marketing,0
VGFnOjM1MzI,科技、知识、经济学,0
VGFnOjQ5Ng,ethics,0
VGFnOjU0Mg,Grameen Bank,0
VGFnOjI4MTE,彝族诺苏,0
VGFnOjI3MjM,鄧小平,0
VGFnOjIzODg,鏈結,0
VGFnOjIwMzU,终南山 纪录片 物学院 诗人 自杀,0
VGFnOjE1Mg,Jotting,0
VGFnOjI2NDU,westwold,0
VGFnOjEzNDY,community,0
VGFnOjE4OQ,matters vs 豆瓣,0
VGFnOjM0MDM,PDCA,0
VGFnOjc4Ng,萬聖節,0
VGFnOjEwNzA,印太,0
VGFnOjgzNw,car-hailing,0
VGFnOjkxOQ,Beijing,0
VGFnOjI2Mg,Stephen Hawking,0
VGFnOjEwMDI,trust,0
VGFnOjMwNTg,Qdaily,0
VGFnOjI2MzE,鰻魚飯,0
VGFnOjcxMA,會計,0
VGFnOjI1OTY,Freedom of Speech,0
VGFnOjE3ODA,AI,0
VGFnOjEzMTI,犯罪學,0
VGFnOjMwMjQ,论坛,0
VGFnOjM2MQ,熟齡,0
VGFnOjI1ODE,平台合作,0
VGFnOjU4NQ,汶川大地震,0
VGFnOjQzMw,女人,0
VGFnOjg5OQ,Jiashi Event,0
VGFnOjMzMjg,易经,0
VGFnOjI1ODQ,反駁,0
VGFnOjUzMQ,审美,0
VGFnOjQw,台灣 出版 瓊瑤  ,0
VGFnOjE3NDg,街舞,0
VGFnOjEzNTk,卫生纸,0
VGFnOjMwMTQ,@books,0
VGFnOjI4MTU,value,0
VGFnOjM2OTk,动物,0
VGFnOjI2ODI,微博 禁言,0
VGFnOjk0MA,藝術推廣,0
VGFnOjM1MTE,正能量 ,0
VGFnOjIwNjg,金庸,0
VGFnOjI3MzI,TD,0
VGFnOjM2NzY,困境,0
VGFnOjEzMTA,Movie,0
VGFnOjMyMzU,人流,0
VGFnOjQ2OA,政府监控,0
VGFnOjQ4Nw,South Korea,0
VGFnOjMwNzU,自由主義哲學普及,0
VGFnOjE1MTA,子彈短信,0
VGFnOjEwNTc,楊力州 紀錄片 紅盒子 父子,0
VGFnOjM0NzY,SMTP,0
VGFnOjE0OTI,连结守候,0
VGFnOjU2MA,閩南民居,0
VGFnOjIyNTk,极右,0
VGFnOjY1OQ,選舉 台灣,0
VGFnOjUwNw,narcotics,0
VGFnOjE5ODM,正义 法律 言论自由,0
VGFnOjY3MA,情欲,0
VGFnOjIxNzY,A Brief History of Time,0
VGFnOjQxNA,自恋现象,0
VGFnOjI3NDA,华人,0
VGFnOjM1Mg,ebook,0
VGFnOjI5MzU,中日关系,0
VGFnOjQ0Ng,数学宇宙,0
VGFnOjI5NTM,專心,0
VGFnOjU4Nw,薪水,0
VGFnOjEzMjc,旧金山,0
VGFnOjI4MTA,彝族諾蘇,0
VGFnOjEwNjE,"ICO, 區塊鏈",0
VGFnOjMzNDk,thong,0
VGFnOjEyNjI,英文,0
VGFnOjI5MjI,城市規劃,0
VGFnOjI5NTk,猫狗,0
VGFnOjIzOTg,Literature,0
VGFnOjMyNjQ,社会变革,0
VGFnOjMzMjU,南怀瑾,0
VGFnOjcwMw,梦游,0
VGFnOjIyNDU,NIL,0
VGFnOjIwMzA,薩拉斯,0
VGFnOjYzMQ,中国共产党,0
VGFnOjIxODM,录音带,0
VGFnOjE5MDE,Cryptocurrency,0
VGFnOjY4Nw,視覺記憶,0
VGFnOjE2OTA,消费,0
VGFnOjczNQ,颱風假,0
VGFnOjE4NTY, 電影 影評 先備知識 體驗服務,0
VGFnOjM1NTA,朝阳区,0
VGFnOjIzMw,宅文化,0
VGFnOjUw,sex,0
VGFnOjE5Mzg,雙雪濤,0
VGFnOjMyOTI,thinking out loud,0
VGFnOjUwNg,文化地景,0
VGFnOjU2,net neutrality,0
VGFnOjE0MA,好莱坞,0
VGFnOjMwMTI,纪录片《听风的歌》|后摇乐队Sigur Rós|冰岛,0
VGFnOjMyMDI,地球,0
VGFnOjI3MTM,权力的逻辑,0
VGFnOjI0MjY,回到過去,0
VGFnOjE0MTA,price hike,0
VGFnOjI3NA,民进党,0
VGFnOjEwNTU,中國 身份政治 行動實踐 社會活動家,0
VGFnOjI5Mzc,Artificial intelligence ,0
VGFnOjIwMTc,马来西亚 一带一路,0
VGFnOjE2NTI,通俗文化,0
VGFnOjM2NzU,困難,0
VGFnOjQ2NA,podcast,0
VGFnOjMxMDk,大陆电影 价值观 ,0
VGFnOjI0MDA,塑膠吸管,0
VGFnOjIyODY,藝術approach ,0
VGFnOjE0NTE,Asia,0
VGFnOjE1MTE,Donald Trump,0
VGFnOjYxMQ,初創公司,0
VGFnOjE1OTg,气候变迁,0
VGFnOjM0ODI,"blog,網誌",0
VGFnOjE3Nw,軍事 ,0
VGFnOjIzNA,阿拉伯之春,0
VGFnOjIyMjU,Dark tourism,0
VGFnOjE1NjU,8,0
VGFnOjEwNzU,標籤理論,0
VGFnOjE4NTk,新建村,0
VGFnOjIxMQ,game theory,0
VGFnOjM0ODE,照片需要打印出来吗？,0
VGFnOjMyMjc,日志,0
VGFnOjMxNDk,長江圖,0
VGFnOjMzMTQ,11,0
VGFnOjIxNDM,Big Data,0
VGFnOjEwNDA,區塊鍊 ,0
VGFnOjEyOTg,粉絲團,0
VGFnOjE2Mg,free as in free beer,0
VGFnOjEyMzg,＃MeToo,0
VGFnOjU1Mg,Christmas,0
VGFnOjMwMTk,郵輪,0
VGFnOjU0MA,群眾,0
VGFnOjM2Mg,熟龄,0
VGFnOjM0NDY,洛杉磯,0
VGFnOjQ1MA,727,0
VGFnOjMzMzA,八字命理,0
VGFnOjIyMzA,一本正經的胡說八道,0
VGFnOjUyOQ,論自由,0
VGFnOjE5Mg,反对,0
VGFnOjM1Mzk,自由 ,0
VGFnOjIwMw,hh ,0
VGFnOjI3MQ,travel,0
VGFnOjE4MDk,数据,0
VGFnOjEyMjE,文学史,0
VGFnOjE3NzE, ,0
VGFnOjQyNA,马云，父亲缺位，弑父，父权,0
VGFnOjIwNjE,天然桶,0
VGFnOjMyMTE,後摩爾時代,0
VGFnOjEwMDU,拆遷,0
VGFnOjIwMzM,臺北藝術節、舞蹈、評論,0
VGFnOjMyNTI,2018年北大校工访谈,0
VGFnOjEyMDc,飲料,0
VGFnOjE3MTc,历史文化,0
VGFnOjIxMTg,Politics,0
VGFnOjE0MTg,indefinite terms,0
VGFnOjExMjc,psychology,0
VGFnOjI3NjM,南韓,0
VGFnOjMx,ScreenTime,0
VGFnOjI2NDQ,1,0
VGFnOjIzOQ,Chan Koonchung,0
VGFnOjI4NA,劇集,0
VGFnOjIwMDY,国产剧,0
VGFnOjI1NjI,freedom,0
VGFnOjIyMTM,culinary culture,0
VGFnOjQ2MQ,牛肉 ,0
VGFnOjg3MA,主題 Newsletter,0
VGFnOjgzMA,kinky,0
VGFnOjI4NTE,紀錄片 知青 弗搭界 私幕,0
VGFnOjM0NDc,The Last Bookstore,0
VGFnOjE4NzQ,資誠，,0
VGFnOjE1OTY,climate change,0
VGFnOjIzMzU,金球奖,0
VGFnOjQ3,心理创伤,0
VGFnOjQ3MA,離島,0
VGFnOjgzNA,公然入伍,0
VGFnOjI1Mzc,養生,0
VGFnOjExMzk,网路书签,0
VGFnOjEyNzg,contritionculture,0
VGFnOjE5NzU,神經科學,0
VGFnOjI4Njk,廣場舞 記錄片 ,0
VGFnOjEwNTQ,內亞 ,0
VGFnOjI4MzE,诺贝尔和平奖,0
VGFnOjMyMTI,半導體,0
VGFnOjEzNDU,＃都市公共空间,0
VGFnOjEwMTM,和歌,0
VGFnOjExODQ,甲醛,0
VGFnOjExODY,Society,0
VGFnOjI4NDc,唐卡,0
VGFnOjMwNjk,astrophysics,0
VGFnOjI2NA,斯蒂芬．霍金,0
VGFnOjM2MTM,还愿,0
VGFnOjUyNQ,business,0
VGFnOjMzNjA,。,0
VGFnOjI2NjI,西九,0
VGFnOjMxMg,說服,0
VGFnOjI3NTg,future,0
VGFnOjI5ODI,American TV Series,0
VGFnOjE1MDI,公眾號,0
VGFnOjI0MDk,托洛茨基,0
VGFnOjIxMTY,Soundscape,0
VGFnOjI2OTk,wild wild country,0
VGFnOjE4MDc,data,0
VGFnOjE5MjI,"Gendered discrimination, self-autonomy, capability building, workspaces",0
VGFnOjE2Njg,housing right,0
VGFnOjE5Njk,经验论,0
VGFnOjI2NTA,网路购物,0
VGFnOjE1NTk,新法西斯,0
VGFnOjEyNTA,教改,0
VGFnOjE4MTg,海洋,0
VGFnOjM0OTI,香港 獨立書店,0
VGFnOjExNjQ,nuclear power,0
VGFnOjEwNjk,Indo-Pacific,0
VGFnOjI4ODE,World Cup,0
VGFnOjIzMzc,言論管制,0
VGFnOjgyMA,Travel,0
VGFnOjMwNQ,编程,0
VGFnOjM0ODM,天才,0
VGFnOjI2Njk,南大马会事件,0
VGFnOjgyMw,父母教育,0
VGFnOjExMTQ,血荒,0
VGFnOjEyODY,aesthetics,0
VGFnOjI2NzY,＃吐槽,0
VGFnOjEwMjU,public interest,0
VGFnOjc5MQ,Westworld,0
VGFnOjExNzI,Tech,0
VGFnOjMxMDY,性与爱,0
VGFnOjI4NzI,Germany,0
VGFnOjIwNjk,悟空傳 ,0
VGFnOjI0OA,web hosting,0
VGFnOjc5Mw,Chinese marriage,0
VGFnOjIwNTI,绘画,0
VGFnOjI2Mzg,教育，菲律賓，,0
VGFnOjI2ODk,父女關係,0
VGFnOjEyNTY,@政治,0
VGFnOjE4MzE,Design,0
VGFnOjIxMDI,相亲,0
VGFnOjI2MTk,12年國教,0
VGFnOjEyNjQ,國中數學,0
VGFnOjI3NDk,香港城市,0
VGFnOjc5MA,林書豪,0
VGFnOjE4NzI,平台合作化运动,0
VGFnOjE1MzY,自介,0
VGFnOjI1MzM,互联网 马蜂窝  ofo  ,0
VGFnOjc1OQ,7.27维权工人被捕事件,0
VGFnOjI0NjE,汗得 實驗教育 ,0
VGFnOjE0ODE,公民文化素養 ,0
VGFnOjE5,工程師的小確幸,0
VGFnOjIwMg,綠黨,0
VGFnOjI3Mzg,Chinese,0
VGFnOjE3Mjg,社群連結,0
VGFnOjI3NDM,architecture,0
VGFnOjIzODQ,紀錄片 私幕 弗搭界,0
VGFnOjU1MA,意見領袖,0
VGFnOjI1NTM,回忆,0
VGFnOjYyNg,，,0
VGFnOjM1NTI,北京 ,0
VGFnOjMwNTk,多伦多,0
VGFnOjI5NTY,排華,0
VGFnOjEwNDY,Winter Olympics,0
VGFnOjMxNTY,duckduckgo startpage techmoon 匿名瀏覽 上網隱私,0
VGFnOjIzNTc,football,0
VGFnOjE3MzU,妇女劳动比例,0
VGFnOjYwMQ,防洗腦,0
VGFnOjIzMzQ,金球獎,0
VGFnOjE2NzE,关于文学 ,0
VGFnOjEzOTM,海的詩,0
VGFnOjE0MzQ,"電影,影評,日本",0
VGFnOjI1Mjk,社民黨,0
VGFnOjE0Njc,science & art,0
VGFnOjE1MzQ,举报,0
VGFnOjEyNzU,棟,0
VGFnOjEwODg,厌世,0
VGFnOjE2NjI,达沃斯,0
VGFnOjU2NQ,湖畔大学,0
VGFnOjE4MTc,rule of law,0
VGFnOjEwODY,另一种可能,0
VGFnOjczMQ,記事,0
VGFnOjE1NTg,自助遊,0
VGFnOjIxMzc,勞權,0
VGFnOjQxOA,美术,0
VGFnOjI4Mzk,金盤𠺘口,0
VGFnOjE2MTk,kawhi Leonard,0
VGFnOjIzODA,监控,0
VGFnOjE3ODU,political science,0
VGFnOjE0MQ,未来可期,0
VGFnOjE2NA,免费,0
VGFnOjI4MTY,digital Leninism,0
VGFnOjcwNA,wechat,0
VGFnOjc4,New step,0
VGFnOjM0MDY,黑鏡：潘達斯奈基,0
VGFnOjkxNw,黄国昌,0
VGFnOjMwNDU,溝通 去時效性,0
VGFnOjQzNg,director,0
VGFnOjM0NQ,自白,0
VGFnOjEyMQ,Internet censorship,0
VGFnOjExODk,老房子,0
VGFnOjExNTk,地味,0
VGFnOjk0NA,神學,0
VGFnOjI2NjA,social tool,0
VGFnOjI0MTM,@Sci-Fi,0
VGFnOjI5Ng,火锅,0
VGFnOjkwNw,Software,0
VGFnOjIwMDE,美学观念,0
VGFnOjI4NDg,social game,0
VGFnOjE3MjI,UP,0
VGFnOjE2MDk,文学 当代史 ,0
VGFnOjExNDU,香港独立电影节,0
VGFnOjEyMzM,Qin Hui,0
VGFnOjI1MTQ,菲律宾,0
VGFnOjEwOQ,Code,0
VGFnOjM0OTg,吃喝玩乐,0
VGFnOjI5NjU,homeschooling,0